location,date,vaccine,total_vaccinations
Chile,2020-12-24,Pfizer/BioNTech,420
Chile,2020-12-25,Pfizer/BioNTech,5198
Chile,2020-12-26,Pfizer/BioNTech,8338
Chile,2020-12-27,Pfizer/BioNTech,8649
Chile,2020-12-28,Pfizer/BioNTech,8649
Chile,2020-12-29,Pfizer/BioNTech,8649
Chile,2020-12-30,Pfizer/BioNTech,8649
Chile,2020-12-31,Pfizer/BioNTech,8649
Chile,2021-01-01,Pfizer/BioNTech,8649
Chile,2021-01-02,Pfizer/BioNTech,8649
Chile,2021-01-03,Pfizer/BioNTech,8649
Chile,2021-01-04,Pfizer/BioNTech,9054
Chile,2021-01-05,Pfizer/BioNTech,10497
Chile,2021-01-06,Pfizer/BioNTech,10702
Chile,2021-01-07,Pfizer/BioNTech,10702
Chile,2021-01-08,Pfizer/BioNTech,10702
Chile,2021-01-09,Pfizer/BioNTech,10702
Chile,2021-01-10,Pfizer/BioNTech,10702
Chile,2021-01-11,Pfizer/BioNTech,10702
Chile,2021-01-12,Pfizer/BioNTech,10702
Chile,2021-01-13,Pfizer/BioNTech,11732
Chile,2021-01-14,Pfizer/BioNTech,18646
Chile,2021-01-15,Pfizer/BioNTech,22077
Chile,2021-01-16,Pfizer/BioNTech,22167
Chile,2021-01-17,Pfizer/BioNTech,22167
Chile,2021-01-18,Pfizer/BioNTech,33212
Chile,2021-01-19,Pfizer/BioNTech,52569
Chile,2021-01-20,Pfizer/BioNTech,61878
Chile,2021-01-21,Pfizer/BioNTech,64940
Chile,2021-01-22,Pfizer/BioNTech,65352
Chile,2021-01-23,Pfizer/BioNTech,65352
Chile,2021-01-24,Pfizer/BioNTech,65352
Chile,2021-01-25,Pfizer/BioNTech,66772
Chile,2021-01-26,Pfizer/BioNTech,67388
Chile,2021-01-27,Pfizer/BioNTech,67423
Chile,2021-01-28,Pfizer/BioNTech,67423
Chile,2021-01-29,Pfizer/BioNTech,67428
Chile,2021-01-30,Pfizer/BioNTech,67428
Chile,2021-01-31,Pfizer/BioNTech,67428
Chile,2021-02-01,Pfizer/BioNTech,67428
Chile,2021-02-02,Pfizer/BioNTech,67434
Chile,2021-02-02,Sinovac,13189
Chile,2021-02-03,Pfizer/BioNTech,67434
Chile,2021-02-03,Sinovac,183530
Chile,2021-02-04,Pfizer/BioNTech,69562
Chile,2021-02-04,Sinovac,357553
Chile,2021-02-05,Pfizer/BioNTech,70250
Chile,2021-02-05,Sinovac,526211
Chile,2021-02-06,Pfizer/BioNTech,70255
Chile,2021-02-06,Sinovac,554062
Chile,2021-02-07,Pfizer/BioNTech,70256
Chile,2021-02-07,Sinovac,562697
Chile,2021-02-08,Pfizer/BioNTech,82046
Chile,2021-02-08,Sinovac,784107
Chile,2021-02-09,Pfizer/BioNTech,101500
Chile,2021-02-09,Sinovac,1026473
Chile,2021-02-10,Pfizer/BioNTech,109933
Chile,2021-02-10,Sinovac,1298854
Chile,2021-02-11,Pfizer/BioNTech,113002
Chile,2021-02-11,Sinovac,1549889
Chile,2021-02-12,Pfizer/BioNTech,113355
Chile,2021-02-12,Sinovac,1778970
Chile,2021-02-13,Pfizer/BioNTech,113389
Chile,2021-02-13,Sinovac,1808477
Chile,2021-02-14,Pfizer/BioNTech,113389
Chile,2021-02-14,Sinovac,1812942
Chile,2021-02-15,Pfizer/BioNTech,113390
Chile,2021-02-15,Sinovac,2078782
Chile,2021-02-16,Pfizer/BioNTech,113400
Chile,2021-02-16,Sinovac,2298780
Chile,2021-02-17,Pfizer/BioNTech,113400
Chile,2021-02-17,Sinovac,2486786
Chile,2021-02-18,Pfizer/BioNTech,113401
Chile,2021-02-18,Sinovac,2642024
Chile,2021-02-19,Pfizer/BioNTech,113401
Chile,2021-02-19,Sinovac,2784131
Chile,2021-02-20,Pfizer/BioNTech,113401
Chile,2021-02-20,Sinovac,2793770
Chile,2021-02-21,Pfizer/BioNTech,113401
Chile,2021-02-21,Sinovac,2794934
Chile,2021-02-22,Pfizer/BioNTech,125500
Chile,2021-02-22,Sinovac,2890969
Chile,2021-02-23,Pfizer/BioNTech,150348
Chile,2021-02-23,Sinovac,2960376
Chile,2021-02-24,Pfizer/BioNTech,178871
Chile,2021-02-24,Sinovac,3018049
Chile,2021-02-25,Pfizer/BioNTech,212586
Chile,2021-02-25,Sinovac,3070402
Chile,2021-02-26,Pfizer/BioNTech,242318
Chile,2021-02-26,Sinovac,3118896
Chile,2021-02-27,Pfizer/BioNTech,248642
Chile,2021-02-27,Sinovac,3122615
Chile,2021-02-28,Pfizer/BioNTech,248644
Chile,2021-02-28,Sinovac,3122968
Chile,2021-03-01,Pfizer/BioNTech,263548
Chile,2021-03-01,Sinovac,3245596
Chile,2021-03-02,Pfizer/BioNTech,294470
Chile,2021-03-02,Sinovac,3386021
Chile,2021-03-03,Pfizer/BioNTech,313027
Chile,2021-03-03,Sinovac,3679216
Chile,2021-03-04,Pfizer/BioNTech,322133
Chile,2021-03-04,Sinovac,3980493
Chile,2021-03-05,Pfizer/BioNTech,327887
Chile,2021-03-05,Sinovac,4272398
Chile,2021-03-06,Pfizer/BioNTech,328231
Chile,2021-03-06,Sinovac,4305810
Chile,2021-03-07,Pfizer/BioNTech,328337
Chile,2021-03-07,Sinovac,4313619
Chile,2021-03-08,Pfizer/BioNTech,340922
Chile,2021-03-08,Sinovac,4651408
Chile,2021-03-09,Pfizer/BioNTech,378515
Chile,2021-03-09,Sinovac,4990076
Chile,2021-03-10,Pfizer/BioNTech,420127
Chile,2021-03-10,Sinovac,5349462
Chile,2021-03-11,Pfizer/BioNTech,465880
Chile,2021-03-11,Sinovac,5720334
Chile,2021-03-12,Pfizer/BioNTech,483278
Chile,2021-03-12,Sinovac,6076950
Chile,2021-03-13,Pfizer/BioNTech,483832
Chile,2021-03-13,Sinovac,6126769
Chile,2021-03-14,Pfizer/BioNTech,483832
Chile,2021-03-14,Sinovac,6133335
Chile,2021-03-15,Pfizer/BioNTech,507691
Chile,2021-03-15,Sinovac,6539244
Chile,2021-03-16,Pfizer/BioNTech,561170
Chile,2021-03-16,Sinovac,6895356
Chile,2021-03-17,Pfizer/BioNTech,616634
Chile,2021-03-17,Sinovac,7206636
Chile,2021-03-18,Pfizer/BioNTech,666175
Chile,2021-03-18,Sinovac,7491588
Chile,2021-03-19,Pfizer/BioNTech,689332
Chile,2021-03-19,Sinovac,7762782
Chile,2021-03-20,Pfizer/BioNTech,691249
Chile,2021-03-20,Sinovac,7795039
Chile,2021-03-21,Pfizer/BioNTech,691259
Chile,2021-03-21,Sinovac,7799180
Chile,2021-03-22,Pfizer/BioNTech,727323
Chile,2021-03-22,Sinovac,8031332
Chile,2021-03-23,Pfizer/BioNTech,787183
Chile,2021-03-23,Sinovac,8211921
Chile,2021-03-24,Pfizer/BioNTech,840038
Chile,2021-03-24,Sinovac,8377400
Chile,2021-03-25,Pfizer/BioNTech,894596
Chile,2021-03-25,Sinovac,8535144
Chile,2021-03-26,Pfizer/BioNTech,932577
Chile,2021-03-26,Sinovac,8713774
Chile,2021-03-27,Pfizer/BioNTech,934605
Chile,2021-03-27,Sinovac,8727362
Chile,2021-03-28,Pfizer/BioNTech,934605
Chile,2021-03-28,Sinovac,8728748
Chile,2021-03-29,Pfizer/BioNTech,956617
Chile,2021-03-29,Sinovac,8973075
Chile,2021-03-30,Pfizer/BioNTech,1014059
Chile,2021-03-30,Sinovac,9193793
Chile,2021-03-31,Pfizer/BioNTech,1060186
Chile,2021-03-31,Sinovac,9427160
Chile,2021-04-01,Pfizer/BioNTech,1083946
Chile,2021-04-01,Sinovac,9705669
Chile,2021-04-02,Pfizer/BioNTech,1084165
Chile,2021-04-02,Sinovac,9712443
Chile,2021-04-03,Pfizer/BioNTech,1084355
Chile,2021-04-03,Sinovac,9715448
Chile,2021-04-04,Pfizer/BioNTech,1084355
Chile,2021-04-04,Sinovac,9716619
Chile,2021-04-05,Pfizer/BioNTech,1115274
Chile,2021-04-05,Sinovac,9969524
Chile,2021-04-06,Pfizer/BioNTech,1197860
Chile,2021-04-06,Sinovac,10126041
Chile,2021-04-07,Pfizer/BioNTech,1286475
Chile,2021-04-07,Sinovac,10269171
Chile,2021-04-08,Pfizer/BioNTech,1363894
Chile,2021-04-08,Sinovac,10428728
Chile,2021-04-09,Pfizer/BioNTech,1411923
Chile,2021-04-09,Sinovac,10594964
Chile,2021-04-10,Pfizer/BioNTech,1419002
Chile,2021-04-10,Sinovac,10612593
Czechia,2020-12-27,Pfizer/BioNTech,1250
Czechia,2020-12-28,Pfizer/BioNTech,3542
Czechia,2020-12-29,Pfizer/BioNTech,6985
Czechia,2020-12-30,Pfizer/BioNTech,10451
Czechia,2020-12-31,Pfizer/BioNTech,11756
Czechia,2021-01-01,Pfizer/BioNTech,12016
Czechia,2021-01-02,Pfizer/BioNTech,13265
Czechia,2021-01-03,Pfizer/BioNTech,14178
Czechia,2021-01-04,Pfizer/BioNTech,17742
Czechia,2021-01-05,Pfizer/BioNTech,22234
Czechia,2021-01-06,Pfizer/BioNTech,28044
Czechia,2021-01-07,Pfizer/BioNTech,35994
Czechia,2021-01-08,Pfizer/BioNTech,45915
Czechia,2021-01-09,Pfizer/BioNTech,47923
Czechia,2021-01-10,Pfizer/BioNTech,49643
Czechia,2021-01-11,Pfizer/BioNTech,59421
Czechia,2021-01-12,Pfizer/BioNTech,72769
Czechia,2021-01-13,Pfizer/BioNTech,86235
Czechia,2021-01-14,Moderna,1222
Czechia,2021-01-14,Pfizer/BioNTech,100170
Czechia,2021-01-15,Moderna,1978
Czechia,2021-01-15,Pfizer/BioNTech,113327
Czechia,2021-01-16,Moderna,2304
Czechia,2021-01-16,Pfizer/BioNTech,116374
Czechia,2021-01-17,Moderna,2393
Czechia,2021-01-17,Pfizer/BioNTech,119509
Czechia,2021-01-18,Moderna,2570
Czechia,2021-01-18,Pfizer/BioNTech,133584
Czechia,2021-01-19,Moderna,3344
Czechia,2021-01-19,Pfizer/BioNTech,147941
Czechia,2021-01-20,Moderna,4921
Czechia,2021-01-20,Pfizer/BioNTech,162520
Czechia,2021-01-21,Moderna,5876
Czechia,2021-01-21,Pfizer/BioNTech,178795
Czechia,2021-01-22,Moderna,6071
Czechia,2021-01-22,Pfizer/BioNTech,194356
Czechia,2021-01-23,Moderna,6111
Czechia,2021-01-23,Pfizer/BioNTech,198446
Czechia,2021-01-24,Moderna,6235
Czechia,2021-01-24,Pfizer/BioNTech,201422
Czechia,2021-01-25,Moderna,6432
Czechia,2021-01-25,Pfizer/BioNTech,213762
Czechia,2021-01-26,Moderna,6705
Czechia,2021-01-26,Pfizer/BioNTech,227919
Czechia,2021-01-27,Moderna,7005
Czechia,2021-01-27,Pfizer/BioNTech,241067
Czechia,2021-01-28,Moderna,7124
Czechia,2021-01-28,Pfizer/BioNTech,254054
Czechia,2021-01-29,Moderna,7275
Czechia,2021-01-29,Pfizer/BioNTech,267856
Czechia,2021-01-30,Moderna,7277
Czechia,2021-01-30,Pfizer/BioNTech,269650
Czechia,2021-01-31,Pfizer/BioNTech,271487
Czechia,2021-02-01,Moderna,7530
Czechia,2021-02-01,Pfizer/BioNTech,283026
Czechia,2021-02-02,Moderna,7857
Czechia,2021-02-02,Pfizer/BioNTech,296961
Czechia,2021-02-03,Moderna,8582
Czechia,2021-02-03,Pfizer/BioNTech,311554
Czechia,2021-02-04,Moderna,9716
Czechia,2021-02-04,Pfizer/BioNTech,328175
Czechia,2021-02-05,Moderna,10897
Czechia,2021-02-05,Pfizer/BioNTech,343006
Czechia,2021-02-06,Moderna,11153
Czechia,2021-02-06,Pfizer/BioNTech,345912
Czechia,2021-02-07,Moderna,11416
Czechia,2021-02-07,Pfizer/BioNTech,348960
Czechia,2021-02-08,Moderna,12321
Czechia,2021-02-08,Pfizer/BioNTech,363377
Czechia,2021-02-09,Moderna,13950
Czechia,2021-02-09,Pfizer/BioNTech,378612
Czechia,2021-02-10,Moderna,15690
Czechia,2021-02-10,Pfizer/BioNTech,395460
Czechia,2021-02-11,Moderna,19051
Czechia,2021-02-11,Oxford/AstraZeneca,230
Czechia,2021-02-11,Pfizer/BioNTech,414174
Czechia,2021-02-12,Moderna,21298
Czechia,2021-02-12,Oxford/AstraZeneca,624
Czechia,2021-02-12,Pfizer/BioNTech,432818
Czechia,2021-02-13,Moderna,21780
Czechia,2021-02-13,Oxford/AstraZeneca,1045
Czechia,2021-02-13,Pfizer/BioNTech,436436
Czechia,2021-02-14,Moderna,22028
Czechia,2021-02-14,Oxford/AstraZeneca,1247
Czechia,2021-02-14,Pfizer/BioNTech,438339
Czechia,2021-02-15,Moderna,23415
Czechia,2021-02-15,Oxford/AstraZeneca,2006
Czechia,2021-02-15,Pfizer/BioNTech,451854
Czechia,2021-02-16,Moderna,25878
Czechia,2021-02-16,Oxford/AstraZeneca,3139
Czechia,2021-02-16,Pfizer/BioNTech,465783
Czechia,2021-02-17,Moderna,28605
Czechia,2021-02-17,Oxford/AstraZeneca,5152
Czechia,2021-02-17,Pfizer/BioNTech,478882
Czechia,2021-02-18,Moderna,30948
Czechia,2021-02-18,Oxford/AstraZeneca,7109
Czechia,2021-02-18,Pfizer/BioNTech,494771
Czechia,2021-02-19,Moderna,32327
Czechia,2021-02-19,Oxford/AstraZeneca,8793
Czechia,2021-02-19,Pfizer/BioNTech,510626
Czechia,2021-02-20,Moderna,32330
Czechia,2021-02-20,Oxford/AstraZeneca,9419
Czechia,2021-02-20,Pfizer/BioNTech,513071
Czechia,2021-02-21,Moderna,32427
Czechia,2021-02-21,Oxford/AstraZeneca,9608
Czechia,2021-02-21,Pfizer/BioNTech,514804
Czechia,2021-02-22,Moderna,33424
Czechia,2021-02-22,Oxford/AstraZeneca,11209
Czechia,2021-02-22,Pfizer/BioNTech,528223
Czechia,2021-02-23,Moderna,34205
Czechia,2021-02-23,Oxford/AstraZeneca,13891
Czechia,2021-02-23,Pfizer/BioNTech,544430
Czechia,2021-02-24,Moderna,35529
Czechia,2021-02-24,Oxford/AstraZeneca,16802
Czechia,2021-02-24,Pfizer/BioNTech,559915
Czechia,2021-02-25,Moderna,36705
Czechia,2021-02-25,Oxford/AstraZeneca,21085
Czechia,2021-02-25,Pfizer/BioNTech,577785
Czechia,2021-02-26,Moderna,37486
Czechia,2021-02-26,Oxford/AstraZeneca,24364
Czechia,2021-02-26,Pfizer/BioNTech,594966
Czechia,2021-02-27,Moderna,37657
Czechia,2021-02-27,Oxford/AstraZeneca,24976
Czechia,2021-02-27,Pfizer/BioNTech,597657
Czechia,2021-02-28,Moderna,37849
Czechia,2021-02-28,Oxford/AstraZeneca,25435
Czechia,2021-02-28,Pfizer/BioNTech,599867
Czechia,2021-03-01,Moderna,39493
Czechia,2021-03-01,Oxford/AstraZeneca,29350
Czechia,2021-03-01,Pfizer/BioNTech,616992
Czechia,2021-03-02,Moderna,41347
Czechia,2021-03-02,Oxford/AstraZeneca,38379
Czechia,2021-03-02,Pfizer/BioNTech,636307
Czechia,2021-03-03,Moderna,45039
Czechia,2021-03-03,Oxford/AstraZeneca,47821
Czechia,2021-03-03,Pfizer/BioNTech,657920
Czechia,2021-03-04,Moderna,49678
Czechia,2021-03-04,Oxford/AstraZeneca,56789
Czechia,2021-03-04,Pfizer/BioNTech,681508
Czechia,2021-03-05,Moderna,53241
Czechia,2021-03-05,Oxford/AstraZeneca,64935
Czechia,2021-03-05,Pfizer/BioNTech,703521
Czechia,2021-03-06,Moderna,54627
Czechia,2021-03-06,Oxford/AstraZeneca,69303
Czechia,2021-03-06,Pfizer/BioNTech,710544
Czechia,2021-03-07,Moderna,55901
Czechia,2021-03-07,Oxford/AstraZeneca,73425
Czechia,2021-03-07,Pfizer/BioNTech,717278
Czechia,2021-03-08,Moderna,58962
Czechia,2021-03-08,Oxford/AstraZeneca,81144
Czechia,2021-03-08,Pfizer/BioNTech,740654
Czechia,2021-03-09,Moderna,64200
Czechia,2021-03-09,Oxford/AstraZeneca,92022
Czechia,2021-03-09,Pfizer/BioNTech,766588
Czechia,2021-03-10,Moderna,69151
Czechia,2021-03-10,Oxford/AstraZeneca,102610
Czechia,2021-03-10,Pfizer/BioNTech,798658
Czechia,2021-03-11,Moderna,73350
Czechia,2021-03-11,Oxford/AstraZeneca,114098
Czechia,2021-03-11,Pfizer/BioNTech,835479
Czechia,2021-03-12,Moderna,78712
Czechia,2021-03-12,Oxford/AstraZeneca,126101
Czechia,2021-03-12,Pfizer/BioNTech,864675
Czechia,2021-03-13,Moderna,79963
Czechia,2021-03-13,Oxford/AstraZeneca,129056
Czechia,2021-03-13,Pfizer/BioNTech,878632
Czechia,2021-03-14,Moderna,81077
Czechia,2021-03-14,Oxford/AstraZeneca,129958
Czechia,2021-03-14,Pfizer/BioNTech,889717
Czechia,2021-03-15,Moderna,87726
Czechia,2021-03-15,Oxford/AstraZeneca,137841
Czechia,2021-03-15,Pfizer/BioNTech,911719
Czechia,2021-03-16,Moderna,96805
Czechia,2021-03-16,Oxford/AstraZeneca,146328
Czechia,2021-03-16,Pfizer/BioNTech,942847
Czechia,2021-03-17,Moderna,104443
Czechia,2021-03-17,Oxford/AstraZeneca,155116
Czechia,2021-03-17,Pfizer/BioNTech,973778
Czechia,2021-03-18,Moderna,111427
Czechia,2021-03-18,Oxford/AstraZeneca,164131
Czechia,2021-03-18,Pfizer/BioNTech,1007226
Czechia,2021-03-19,Moderna,117433
Czechia,2021-03-19,Oxford/AstraZeneca,172685
Czechia,2021-03-19,Pfizer/BioNTech,1039891
Czechia,2021-03-20,Moderna,118534
Czechia,2021-03-20,Oxford/AstraZeneca,175019
Czechia,2021-03-20,Pfizer/BioNTech,1053290
Czechia,2021-03-21,Moderna,118840
Czechia,2021-03-21,Oxford/AstraZeneca,175471
Czechia,2021-03-21,Pfizer/BioNTech,1061365
Czechia,2021-03-22,Moderna,122927
Czechia,2021-03-22,Oxford/AstraZeneca,182141
Czechia,2021-03-22,Pfizer/BioNTech,1086911
Czechia,2021-03-23,Moderna,126679
Czechia,2021-03-23,Oxford/AstraZeneca,189505
Czechia,2021-03-23,Pfizer/BioNTech,1114925
Czechia,2021-03-24,Moderna,130816
Czechia,2021-03-24,Oxford/AstraZeneca,197037
Czechia,2021-03-24,Pfizer/BioNTech,1145138
Czechia,2021-03-25,Moderna,134851
Czechia,2021-03-25,Oxford/AstraZeneca,204357
Czechia,2021-03-25,Pfizer/BioNTech,1177344
Czechia,2021-03-26,Moderna,137317
Czechia,2021-03-26,Oxford/AstraZeneca,209823
Czechia,2021-03-26,Pfizer/BioNTech,1210902
Czechia,2021-03-27,Moderna,138556
Czechia,2021-03-27,Oxford/AstraZeneca,210655
Czechia,2021-03-27,Pfizer/BioNTech,1221784
Czechia,2021-03-28,Moderna,140104
Czechia,2021-03-28,Oxford/AstraZeneca,210748
Czechia,2021-03-28,Pfizer/BioNTech,1229662
Czechia,2021-03-29,Moderna,146015
Czechia,2021-03-29,Oxford/AstraZeneca,214405
Czechia,2021-03-29,Pfizer/BioNTech,1259301
Czechia,2021-03-30,Moderna,154818
Czechia,2021-03-30,Oxford/AstraZeneca,219619
Czechia,2021-03-30,Pfizer/BioNTech,1291532
Czechia,2021-03-31,Moderna,165562
Czechia,2021-03-31,Oxford/AstraZeneca,224444
Czechia,2021-03-31,Pfizer/BioNTech,1325050
Czechia,2021-04-01,Moderna,175847
Czechia,2021-04-01,Oxford/AstraZeneca,228725
Czechia,2021-04-01,Pfizer/BioNTech,1366830
Czechia,2021-04-02,Moderna,178346
Czechia,2021-04-02,Oxford/AstraZeneca,229178
Czechia,2021-04-02,Pfizer/BioNTech,1383104
Czechia,2021-04-03,Moderna,180061
Czechia,2021-04-03,Oxford/AstraZeneca,229355
Czechia,2021-04-03,Pfizer/BioNTech,1395481
Czechia,2021-04-04,Moderna,181253
Czechia,2021-04-04,Oxford/AstraZeneca,229356
Czechia,2021-04-04,Pfizer/BioNTech,1405417
Czechia,2021-04-05,Moderna,182632
Czechia,2021-04-05,Oxford/AstraZeneca,229421
Czechia,2021-04-05,Pfizer/BioNTech,1413357
Czechia,2021-04-06,Moderna,190913
Czechia,2021-04-06,Oxford/AstraZeneca,232236
Czechia,2021-04-06,Pfizer/BioNTech,1446771
Czechia,2021-04-07,Moderna,199084
Czechia,2021-04-07,Oxford/AstraZeneca,239834
Czechia,2021-04-07,Pfizer/BioNTech,1475251
Czechia,2021-04-08,Moderna,204859
Czechia,2021-04-08,Oxford/AstraZeneca,250069
Czechia,2021-04-08,Pfizer/BioNTech,1524390
Czechia,2021-04-09,Moderna,211522
Czechia,2021-04-09,Oxford/AstraZeneca,260012
Czechia,2021-04-09,Pfizer/BioNTech,1571121
Czechia,2021-04-10,Moderna,213036
Czechia,2021-04-10,Oxford/AstraZeneca,263165
Czechia,2021-04-10,Pfizer/BioNTech,1595244
Czechia,2021-04-11,Moderna,214161
Czechia,2021-04-11,Oxford/AstraZeneca,263593
Czechia,2021-04-11,Pfizer/BioNTech,1611816
Germany,2020-12-27,Moderna,0
Germany,2020-12-27,Oxford/AstraZeneca,0
Germany,2020-12-27,Pfizer/BioNTech,24296
Germany,2020-12-28,Moderna,0
Germany,2020-12-28,Oxford/AstraZeneca,0
Germany,2020-12-28,Pfizer/BioNTech,42680
Germany,2020-12-29,Moderna,0
Germany,2020-12-29,Oxford/AstraZeneca,0
Germany,2020-12-29,Pfizer/BioNTech,91387
Germany,2020-12-30,Moderna,0
Germany,2020-12-30,Oxford/AstraZeneca,0
Germany,2020-12-30,Pfizer/BioNTech,152881
Germany,2020-12-31,Moderna,0
Germany,2020-12-31,Oxford/AstraZeneca,0
Germany,2020-12-31,Pfizer/BioNTech,202239
Germany,2021-01-01,Moderna,0
Germany,2021-01-01,Oxford/AstraZeneca,1
Germany,2021-01-01,Pfizer/BioNTech,221511
Germany,2021-01-02,Moderna,0
Germany,2021-01-02,Oxford/AstraZeneca,1
Germany,2021-01-02,Pfizer/BioNTech,274152
Germany,2021-01-03,Moderna,0
Germany,2021-01-03,Oxford/AstraZeneca,1
Germany,2021-01-03,Pfizer/BioNTech,298460
Germany,2021-01-04,Moderna,0
Germany,2021-01-04,Oxford/AstraZeneca,1
Germany,2021-01-04,Pfizer/BioNTech,346810
Germany,2021-01-05,Moderna,1
Germany,2021-01-05,Oxford/AstraZeneca,1
Germany,2021-01-05,Pfizer/BioNTech,400169
Germany,2021-01-06,Moderna,2
Germany,2021-01-06,Oxford/AstraZeneca,3
Germany,2021-01-06,Pfizer/BioNTech,463160
Germany,2021-01-07,Moderna,2
Germany,2021-01-07,Oxford/AstraZeneca,3
Germany,2021-01-07,Pfizer/BioNTech,519361
Germany,2021-01-08,Moderna,47
Germany,2021-01-08,Oxford/AstraZeneca,3
Germany,2021-01-08,Pfizer/BioNTech,582739
Germany,2021-01-09,Moderna,47
Germany,2021-01-09,Oxford/AstraZeneca,3
Germany,2021-01-09,Pfizer/BioNTech,643969
Germany,2021-01-10,Moderna,47
Germany,2021-01-10,Oxford/AstraZeneca,3
Germany,2021-01-10,Pfizer/BioNTech,679108
Germany,2021-01-11,Moderna,48
Germany,2021-01-11,Oxford/AstraZeneca,3
Germany,2021-01-11,Pfizer/BioNTech,745554
Germany,2021-01-12,Moderna,48
Germany,2021-01-12,Oxford/AstraZeneca,5
Germany,2021-01-12,Pfizer/BioNTech,828478
Germany,2021-01-13,Moderna,845
Germany,2021-01-13,Oxford/AstraZeneca,5
Germany,2021-01-13,Pfizer/BioNTech,938938
Germany,2021-01-14,Moderna,5429
Germany,2021-01-14,Oxford/AstraZeneca,5
Germany,2021-01-14,Pfizer/BioNTech,1017389
Germany,2021-01-15,Moderna,10866
Germany,2021-01-15,Oxford/AstraZeneca,24
Germany,2021-01-15,Pfizer/BioNTech,1102052
Germany,2021-01-16,Moderna,12638
Germany,2021-01-16,Oxford/AstraZeneca,24
Germany,2021-01-16,Pfizer/BioNTech,1157624
Germany,2021-01-17,Moderna,13943
Germany,2021-01-17,Oxford/AstraZeneca,25
Germany,2021-01-17,Pfizer/BioNTech,1203827
Germany,2021-01-18,Moderna,17511
Germany,2021-01-18,Oxford/AstraZeneca,26
Germany,2021-01-18,Pfizer/BioNTech,1282046
Germany,2021-01-19,Moderna,20500
Germany,2021-01-19,Oxford/AstraZeneca,76
Germany,2021-01-19,Pfizer/BioNTech,1392240
Germany,2021-01-20,Moderna,23230
Germany,2021-01-20,Oxford/AstraZeneca,80
Germany,2021-01-20,Pfizer/BioNTech,1520709
Germany,2021-01-21,Moderna,25819
Germany,2021-01-21,Oxford/AstraZeneca,80
Germany,2021-01-21,Pfizer/BioNTech,1622059
Germany,2021-01-22,Moderna,27819
Germany,2021-01-22,Oxford/AstraZeneca,92
Germany,2021-01-22,Pfizer/BioNTech,1721828
Germany,2021-01-23,Moderna,28202
Germany,2021-01-23,Oxford/AstraZeneca,93
Germany,2021-01-23,Pfizer/BioNTech,1806809
Germany,2021-01-24,Moderna,28446
Germany,2021-01-24,Oxford/AstraZeneca,97
Germany,2021-01-24,Pfizer/BioNTech,1855714
Germany,2021-01-25,Moderna,30168
Germany,2021-01-25,Oxford/AstraZeneca,99
Germany,2021-01-25,Pfizer/BioNTech,1949863
Germany,2021-01-26,Moderna,31822
Germany,2021-01-26,Oxford/AstraZeneca,105
Germany,2021-01-26,Pfizer/BioNTech,2047230
Germany,2021-01-27,Moderna,33748
Germany,2021-01-27,Oxford/AstraZeneca,113
Germany,2021-01-27,Pfizer/BioNTech,2156204
Germany,2021-01-28,Moderna,35383
Germany,2021-01-28,Oxford/AstraZeneca,114
Germany,2021-01-28,Pfizer/BioNTech,2245820
Germany,2021-01-29,Moderna,36788
Germany,2021-01-29,Oxford/AstraZeneca,182
Germany,2021-01-29,Pfizer/BioNTech,2352804
Germany,2021-01-30,Moderna,37662
Germany,2021-01-30,Oxford/AstraZeneca,183
Germany,2021-01-30,Pfizer/BioNTech,2438269
Germany,2021-01-31,Moderna,38027
Germany,2021-01-31,Oxford/AstraZeneca,183
Germany,2021-01-31,Pfizer/BioNTech,2495327
Germany,2021-02-01,Moderna,40238
Germany,2021-02-01,Oxford/AstraZeneca,240
Germany,2021-02-01,Pfizer/BioNTech,2614168
Germany,2021-02-02,Moderna,43108
Germany,2021-02-02,Oxford/AstraZeneca,254
Germany,2021-02-02,Pfizer/BioNTech,2741580
Germany,2021-02-03,Moderna,49057
Germany,2021-02-03,Oxford/AstraZeneca,274
Germany,2021-02-03,Pfizer/BioNTech,2893240
Germany,2021-02-04,Moderna,54510
Germany,2021-02-04,Oxford/AstraZeneca,280
Germany,2021-02-04,Pfizer/BioNTech,3018685
Germany,2021-02-05,Moderna,60390
Germany,2021-02-05,Oxford/AstraZeneca,287
Germany,2021-02-05,Pfizer/BioNTech,3155465
Germany,2021-02-06,Moderna,62856
Germany,2021-02-06,Oxford/AstraZeneca,288
Germany,2021-02-06,Pfizer/BioNTech,3252069
Germany,2021-02-07,Moderna,65205
Germany,2021-02-07,Oxford/AstraZeneca,290
Germany,2021-02-07,Pfizer/BioNTech,3303255
Germany,2021-02-08,Moderna,69064
Germany,2021-02-08,Oxford/AstraZeneca,308
Germany,2021-02-08,Pfizer/BioNTech,3409230
Germany,2021-02-09,Moderna,72946
Germany,2021-02-09,Oxford/AstraZeneca,416
Germany,2021-02-09,Pfizer/BioNTech,3537633
Germany,2021-02-10,Moderna,76537
Germany,2021-02-10,Oxford/AstraZeneca,7438
Germany,2021-02-10,Pfizer/BioNTech,3675724
Germany,2021-02-11,Moderna,83487
Germany,2021-02-11,Oxford/AstraZeneca,22866
Germany,2021-02-11,Pfizer/BioNTech,3795131
Germany,2021-02-12,Moderna,92981
Germany,2021-02-12,Oxford/AstraZeneca,36943
Germany,2021-02-12,Pfizer/BioNTech,3927464
Germany,2021-02-13,Moderna,96016
Germany,2021-02-13,Oxford/AstraZeneca,49522
Germany,2021-02-13,Pfizer/BioNTech,4019510
Germany,2021-02-14,Moderna,98417
Germany,2021-02-14,Oxford/AstraZeneca,56813
Germany,2021-02-14,Pfizer/BioNTech,4074613
Germany,2021-02-15,Moderna,102814
Germany,2021-02-15,Oxford/AstraZeneca,71552
Germany,2021-02-15,Pfizer/BioNTech,4181805
Germany,2021-02-16,Moderna,108049
Germany,2021-02-16,Oxford/AstraZeneca,94979
Germany,2021-02-16,Pfizer/BioNTech,4287469
Germany,2021-02-17,Moderna,115570
Germany,2021-02-17,Oxford/AstraZeneca,114681
Germany,2021-02-17,Pfizer/BioNTech,4409971
Germany,2021-02-18,Moderna,123333
Germany,2021-02-18,Oxford/AstraZeneca,139034
Germany,2021-02-18,Pfizer/BioNTech,4521319
Germany,2021-02-19,Moderna,132716
Germany,2021-02-19,Oxford/AstraZeneca,164153
Germany,2021-02-19,Pfizer/BioNTech,4639123
Germany,2021-02-20,Moderna,137188
Germany,2021-02-20,Oxford/AstraZeneca,185758
Germany,2021-02-20,Pfizer/BioNTech,4727086
Germany,2021-02-21,Moderna,140416
Germany,2021-02-21,Oxford/AstraZeneca,201033
Germany,2021-02-21,Pfizer/BioNTech,4794351
Germany,2021-02-22,Moderna,149223
Germany,2021-02-22,Oxford/AstraZeneca,225904
Germany,2021-02-22,Pfizer/BioNTech,4921139
Germany,2021-02-23,Moderna,156046
Germany,2021-02-23,Oxford/AstraZeneca,253065
Germany,2021-02-23,Pfizer/BioNTech,5053485
Germany,2021-02-24,Moderna,163570
Germany,2021-02-24,Oxford/AstraZeneca,287910
Germany,2021-02-24,Pfizer/BioNTech,5185080
Germany,2021-02-25,Moderna,170089
Germany,2021-02-25,Oxford/AstraZeneca,338487
Germany,2021-02-25,Pfizer/BioNTech,5316023
Germany,2021-02-26,Moderna,178787
Germany,2021-02-26,Oxford/AstraZeneca,398336
Germany,2021-02-26,Pfizer/BioNTech,5454947
Germany,2021-02-27,Moderna,182978
Germany,2021-02-27,Oxford/AstraZeneca,449646
Germany,2021-02-27,Pfizer/BioNTech,5547631
Germany,2021-02-28,Moderna,186934
Germany,2021-02-28,Oxford/AstraZeneca,491443
Germany,2021-02-28,Pfizer/BioNTech,5609967
Germany,2021-03-01,Moderna,195941
Germany,2021-03-01,Oxford/AstraZeneca,548173
Germany,2021-03-01,Pfizer/BioNTech,5738460
Germany,2021-03-02,Moderna,205591
Germany,2021-03-02,Oxford/AstraZeneca,616316
Germany,2021-03-02,Pfizer/BioNTech,5878905
Germany,2021-03-03,Moderna,218927
Germany,2021-03-03,Oxford/AstraZeneca,688179
Germany,2021-03-03,Pfizer/BioNTech,6035167
Germany,2021-03-04,Moderna,232449
Germany,2021-03-04,Oxford/AstraZeneca,773243
Germany,2021-03-04,Pfizer/BioNTech,6177816
Germany,2021-03-05,Moderna,245303
Germany,2021-03-05,Oxford/AstraZeneca,878070
Germany,2021-03-05,Pfizer/BioNTech,6324601
Germany,2021-03-06,Moderna,253882
Germany,2021-03-06,Oxford/AstraZeneca,960964
Germany,2021-03-06,Pfizer/BioNTech,6435092
Germany,2021-03-07,Moderna,260603
Germany,2021-03-07,Oxford/AstraZeneca,1020739
Germany,2021-03-07,Pfizer/BioNTech,6517807
Germany,2021-03-08,Moderna,271594
Germany,2021-03-08,Oxford/AstraZeneca,1111802
Germany,2021-03-08,Pfizer/BioNTech,6653497
Germany,2021-03-09,Moderna,284197
Germany,2021-03-09,Oxford/AstraZeneca,1208857
Germany,2021-03-09,Pfizer/BioNTech,6793699
Germany,2021-03-10,Moderna,295704
Germany,2021-03-10,Oxford/AstraZeneca,1322493
Germany,2021-03-10,Pfizer/BioNTech,6950768
Germany,2021-03-11,Moderna,308782
Germany,2021-03-11,Oxford/AstraZeneca,1440591
Germany,2021-03-11,Pfizer/BioNTech,7099722
Germany,2021-03-12,Moderna,325968
Germany,2021-03-12,Oxford/AstraZeneca,1591754
Germany,2021-03-12,Pfizer/BioNTech,7251808
Germany,2021-03-13,Moderna,335591
Germany,2021-03-13,Oxford/AstraZeneca,1713321
Germany,2021-03-13,Pfizer/BioNTech,7366287
Germany,2021-03-14,Moderna,340642
Germany,2021-03-14,Oxford/AstraZeneca,1789611
Germany,2021-03-14,Pfizer/BioNTech,7455782
Germany,2021-03-15,Moderna,352938
Germany,2021-03-15,Oxford/AstraZeneca,1873035
Germany,2021-03-15,Pfizer/BioNTech,7607270
Germany,2021-03-16,Moderna,363782
Germany,2021-03-16,Oxford/AstraZeneca,1874951
Germany,2021-03-16,Pfizer/BioNTech,7774490
Germany,2021-03-17,Moderna,380733
Germany,2021-03-17,Oxford/AstraZeneca,1876337
Germany,2021-03-17,Pfizer/BioNTech,7959809
Germany,2021-03-18,Moderna,398211
Germany,2021-03-18,Oxford/AstraZeneca,1877905
Germany,2021-03-18,Pfizer/BioNTech,8134585
Germany,2021-03-19,Moderna,417877
Germany,2021-03-19,Oxford/AstraZeneca,1916163
Germany,2021-03-19,Pfizer/BioNTech,8317426
Germany,2021-03-20,Moderna,432923
Germany,2021-03-20,Oxford/AstraZeneca,1984105
Germany,2021-03-20,Pfizer/BioNTech,8452787
Germany,2021-03-21,Moderna,442092
Germany,2021-03-21,Oxford/AstraZeneca,2036361
Germany,2021-03-21,Pfizer/BioNTech,8556819
Germany,2021-03-22,Moderna,465561
Germany,2021-03-22,Oxford/AstraZeneca,2112724
Germany,2021-03-22,Pfizer/BioNTech,8721506
Germany,2021-03-23,Moderna,484982
Germany,2021-03-23,Oxford/AstraZeneca,2209400
Germany,2021-03-23,Pfizer/BioNTech,8901674
Germany,2021-03-24,Moderna,515913
Germany,2021-03-24,Oxford/AstraZeneca,2311561
Germany,2021-03-24,Pfizer/BioNTech,9097423
Germany,2021-03-25,Moderna,541190
Germany,2021-03-25,Oxford/AstraZeneca,2431480
Germany,2021-03-25,Pfizer/BioNTech,9284089
Germany,2021-03-26,Moderna,573899
Germany,2021-03-26,Oxford/AstraZeneca,2564227
Germany,2021-03-26,Pfizer/BioNTech,9485139
Germany,2021-03-27,Moderna,600340
Germany,2021-03-27,Oxford/AstraZeneca,2670029
Germany,2021-03-27,Pfizer/BioNTech,9635816
Germany,2021-03-28,Moderna,618613
Germany,2021-03-28,Oxford/AstraZeneca,2729256
Germany,2021-03-28,Pfizer/BioNTech,9752923
Germany,2021-03-29,Moderna,642910
Germany,2021-03-29,Oxford/AstraZeneca,2822693
Germany,2021-03-29,Pfizer/BioNTech,9939461
Germany,2021-03-30,Moderna,667738
Germany,2021-03-30,Oxford/AstraZeneca,2906654
Germany,2021-03-30,Pfizer/BioNTech,10152145
Germany,2021-03-31,Moderna,703195
Germany,2021-03-31,Oxford/AstraZeneca,2958701
Germany,2021-03-31,Pfizer/BioNTech,10398108
Germany,2021-04-01,Moderna,734356
Germany,2021-04-01,Oxford/AstraZeneca,3013101
Germany,2021-04-01,Pfizer/BioNTech,10629295
Germany,2021-04-02,Moderna,750240
Germany,2021-04-02,Oxford/AstraZeneca,3044651
Germany,2021-04-02,Pfizer/BioNTech,10809418
Germany,2021-04-03,Moderna,767265
Germany,2021-04-03,Oxford/AstraZeneca,3085750
Germany,2021-04-03,Pfizer/BioNTech,10980211
Germany,2021-04-04,Moderna,778353
Germany,2021-04-04,Oxford/AstraZeneca,3135353
Germany,2021-04-04,Pfizer/BioNTech,11114391
Germany,2021-04-05,Moderna,796162
Germany,2021-04-05,Oxford/AstraZeneca,3198808
Germany,2021-04-05,Pfizer/BioNTech,11282342
Germany,2021-04-06,Moderna,828020
Germany,2021-04-06,Oxford/AstraZeneca,3285299
Germany,2021-04-06,Pfizer/BioNTech,11538510
Germany,2021-04-07,Moderna,860890
Germany,2021-04-07,Oxford/AstraZeneca,3384062
Germany,2021-04-07,Pfizer/BioNTech,12075048
Germany,2021-04-08,Moderna,893003
Germany,2021-04-08,Oxford/AstraZeneca,3506267
Germany,2021-04-08,Pfizer/BioNTech,12638614
Germany,2021-04-09,Moderna,921452
Germany,2021-04-09,Oxford/AstraZeneca,3603175
Germany,2021-04-09,Pfizer/BioNTech,13112542
Germany,2021-04-10,Moderna,941324
Germany,2021-04-10,Oxford/AstraZeneca,3696455
Germany,2021-04-10,Pfizer/BioNTech,13346540
Germany,2021-04-11,Moderna,958368
Germany,2021-04-11,Oxford/AstraZeneca,3765811
Germany,2021-04-11,Pfizer/BioNTech,13507568
Iceland,2020-12-29,Moderna,0
Iceland,2020-12-29,Oxford/AstraZeneca,0
Iceland,2020-12-29,Pfizer/BioNTech,2525
Iceland,2020-12-30,Moderna,0
Iceland,2020-12-30,Oxford/AstraZeneca,0
Iceland,2020-12-30,Pfizer/BioNTech,4941
Iceland,2020-12-31,Moderna,0
Iceland,2020-12-31,Oxford/AstraZeneca,0
Iceland,2020-12-31,Pfizer/BioNTech,4941
Iceland,2021-01-01,Moderna,0
Iceland,2021-01-01,Oxford/AstraZeneca,0
Iceland,2021-01-01,Pfizer/BioNTech,4941
Iceland,2021-01-02,Moderna,0
Iceland,2021-01-02,Oxford/AstraZeneca,0
Iceland,2021-01-02,Pfizer/BioNTech,4941
Iceland,2021-01-03,Moderna,0
Iceland,2021-01-03,Oxford/AstraZeneca,0
Iceland,2021-01-03,Pfizer/BioNTech,4941
Iceland,2021-01-04,Moderna,0
Iceland,2021-01-04,Oxford/AstraZeneca,0
Iceland,2021-01-04,Pfizer/BioNTech,4941
Iceland,2021-01-05,Moderna,0
Iceland,2021-01-05,Oxford/AstraZeneca,0
Iceland,2021-01-05,Pfizer/BioNTech,4948
Iceland,2021-01-06,Moderna,0
Iceland,2021-01-06,Oxford/AstraZeneca,0
Iceland,2021-01-06,Pfizer/BioNTech,4948
Iceland,2021-01-07,Moderna,0
Iceland,2021-01-07,Oxford/AstraZeneca,0
Iceland,2021-01-07,Pfizer/BioNTech,4948
Iceland,2021-01-08,Moderna,0
Iceland,2021-01-08,Oxford/AstraZeneca,0
Iceland,2021-01-08,Pfizer/BioNTech,4948
Iceland,2021-01-09,Moderna,0
Iceland,2021-01-09,Oxford/AstraZeneca,0
Iceland,2021-01-09,Pfizer/BioNTech,4948
Iceland,2021-01-10,Moderna,0
Iceland,2021-01-10,Oxford/AstraZeneca,0
Iceland,2021-01-10,Pfizer/BioNTech,4948
Iceland,2021-01-11,Moderna,0
Iceland,2021-01-11,Oxford/AstraZeneca,0
Iceland,2021-01-11,Pfizer/BioNTech,4948
Iceland,2021-01-12,Moderna,0
Iceland,2021-01-12,Oxford/AstraZeneca,0
Iceland,2021-01-12,Pfizer/BioNTech,4948
Iceland,2021-01-13,Moderna,501
Iceland,2021-01-13,Oxford/AstraZeneca,0
Iceland,2021-01-13,Pfizer/BioNTech,4948
Iceland,2021-01-14,Moderna,843
Iceland,2021-01-14,Oxford/AstraZeneca,0
Iceland,2021-01-14,Pfizer/BioNTech,4948
Iceland,2021-01-15,Moderna,1262
Iceland,2021-01-15,Oxford/AstraZeneca,0
Iceland,2021-01-15,Pfizer/BioNTech,4948
Iceland,2021-01-16,Moderna,1262
Iceland,2021-01-16,Oxford/AstraZeneca,0
Iceland,2021-01-16,Pfizer/BioNTech,4948
Iceland,2021-01-17,Moderna,1262
Iceland,2021-01-17,Oxford/AstraZeneca,0
Iceland,2021-01-17,Pfizer/BioNTech,4948
Iceland,2021-01-18,Moderna,1263
Iceland,2021-01-18,Oxford/AstraZeneca,0
Iceland,2021-01-18,Pfizer/BioNTech,4978
Iceland,2021-01-19,Moderna,1263
Iceland,2021-01-19,Oxford/AstraZeneca,0
Iceland,2021-01-19,Pfizer/BioNTech,6072
Iceland,2021-01-20,Moderna,1263
Iceland,2021-01-20,Oxford/AstraZeneca,0
Iceland,2021-01-20,Pfizer/BioNTech,7834
Iceland,2021-01-21,Moderna,1263
Iceland,2021-01-21,Oxford/AstraZeneca,1
Iceland,2021-01-21,Pfizer/BioNTech,11610
Iceland,2021-01-22,Moderna,1263
Iceland,2021-01-22,Oxford/AstraZeneca,1
Iceland,2021-01-22,Pfizer/BioNTech,13501
Iceland,2021-01-23,Moderna,1263
Iceland,2021-01-23,Oxford/AstraZeneca,1
Iceland,2021-01-23,Pfizer/BioNTech,14050
Iceland,2021-01-24,Moderna,1263
Iceland,2021-01-24,Oxford/AstraZeneca,1
Iceland,2021-01-24,Pfizer/BioNTech,14050
Iceland,2021-01-25,Moderna,1263
Iceland,2021-01-25,Oxford/AstraZeneca,1
Iceland,2021-01-25,Pfizer/BioNTech,14206
Iceland,2021-01-26,Moderna,1263
Iceland,2021-01-26,Oxford/AstraZeneca,1
Iceland,2021-01-26,Pfizer/BioNTech,14313
Iceland,2021-01-27,Moderna,1263
Iceland,2021-01-27,Oxford/AstraZeneca,1
Iceland,2021-01-27,Pfizer/BioNTech,14326
Iceland,2021-01-28,Moderna,1263
Iceland,2021-01-28,Oxford/AstraZeneca,1
Iceland,2021-01-28,Pfizer/BioNTech,14326
Iceland,2021-01-29,Moderna,1263
Iceland,2021-01-29,Oxford/AstraZeneca,1
Iceland,2021-01-29,Pfizer/BioNTech,14327
Iceland,2021-01-30,Moderna,1263
Iceland,2021-01-30,Oxford/AstraZeneca,1
Iceland,2021-01-30,Pfizer/BioNTech,14327
Iceland,2021-01-31,Moderna,1263
Iceland,2021-01-31,Oxford/AstraZeneca,1
Iceland,2021-01-31,Pfizer/BioNTech,14327
Iceland,2021-02-01,Moderna,1263
Iceland,2021-02-01,Oxford/AstraZeneca,1
Iceland,2021-02-01,Pfizer/BioNTech,14764
Iceland,2021-02-02,Moderna,1264
Iceland,2021-02-02,Oxford/AstraZeneca,1
Iceland,2021-02-02,Pfizer/BioNTech,15775
Iceland,2021-02-03,Moderna,1264
Iceland,2021-02-03,Oxford/AstraZeneca,1
Iceland,2021-02-03,Pfizer/BioNTech,16304
Iceland,2021-02-04,Moderna,1264
Iceland,2021-02-04,Oxford/AstraZeneca,1
Iceland,2021-02-04,Pfizer/BioNTech,16343
Iceland,2021-02-05,Moderna,1264
Iceland,2021-02-05,Oxford/AstraZeneca,1
Iceland,2021-02-05,Pfizer/BioNTech,16367
Iceland,2021-02-06,Moderna,1264
Iceland,2021-02-06,Oxford/AstraZeneca,1
Iceland,2021-02-06,Pfizer/BioNTech,16486
Iceland,2021-02-07,Moderna,1264
Iceland,2021-02-07,Oxford/AstraZeneca,1
Iceland,2021-02-07,Pfizer/BioNTech,16486
Iceland,2021-02-08,Moderna,1264
Iceland,2021-02-08,Oxford/AstraZeneca,1
Iceland,2021-02-08,Pfizer/BioNTech,16486
Iceland,2021-02-09,Moderna,1264
Iceland,2021-02-09,Oxford/AstraZeneca,1
Iceland,2021-02-09,Pfizer/BioNTech,16486
Iceland,2021-02-10,Moderna,1814
Iceland,2021-02-10,Oxford/AstraZeneca,1
Iceland,2021-02-10,Pfizer/BioNTech,16487
Iceland,2021-02-11,Moderna,1990
Iceland,2021-02-11,Oxford/AstraZeneca,1209
Iceland,2021-02-11,Pfizer/BioNTech,16487
Iceland,2021-02-12,Moderna,2198
Iceland,2021-02-12,Oxford/AstraZeneca,1209
Iceland,2021-02-12,Pfizer/BioNTech,16500
Iceland,2021-02-13,Moderna,2198
Iceland,2021-02-13,Oxford/AstraZeneca,1209
Iceland,2021-02-13,Pfizer/BioNTech,16500
Iceland,2021-02-14,Moderna,2198
Iceland,2021-02-14,Oxford/AstraZeneca,1209
Iceland,2021-02-14,Pfizer/BioNTech,16500
Iceland,2021-02-15,Moderna,2385
Iceland,2021-02-15,Oxford/AstraZeneca,1209
Iceland,2021-02-15,Pfizer/BioNTech,16500
Iceland,2021-02-16,Moderna,2584
Iceland,2021-02-16,Oxford/AstraZeneca,1253
Iceland,2021-02-16,Pfizer/BioNTech,17794
Iceland,2021-02-17,Moderna,3233
Iceland,2021-02-17,Oxford/AstraZeneca,1516
Iceland,2021-02-17,Pfizer/BioNTech,20221
Iceland,2021-02-18,Moderna,3574
Iceland,2021-02-18,Oxford/AstraZeneca,1595
Iceland,2021-02-18,Pfizer/BioNTech,20668
Iceland,2021-02-19,Moderna,3904
Iceland,2021-02-19,Oxford/AstraZeneca,2718
Iceland,2021-02-19,Pfizer/BioNTech,20852
Iceland,2021-02-20,Moderna,3904
Iceland,2021-02-20,Oxford/AstraZeneca,2718
Iceland,2021-02-20,Pfizer/BioNTech,21202
Iceland,2021-02-21,Moderna,3904
Iceland,2021-02-21,Oxford/AstraZeneca,2718
Iceland,2021-02-21,Pfizer/BioNTech,21202
Iceland,2021-02-22,Moderna,3904
Iceland,2021-02-22,Oxford/AstraZeneca,2835
Iceland,2021-02-22,Pfizer/BioNTech,21228
Iceland,2021-02-23,Moderna,3904
Iceland,2021-02-23,Oxford/AstraZeneca,3155
Iceland,2021-02-23,Pfizer/BioNTech,22599
Iceland,2021-02-24,Moderna,3904
Iceland,2021-02-24,Oxford/AstraZeneca,3725
Iceland,2021-02-24,Pfizer/BioNTech,23910
Iceland,2021-02-25,Moderna,3904
Iceland,2021-02-25,Oxford/AstraZeneca,3935
Iceland,2021-02-25,Pfizer/BioNTech,24427
Iceland,2021-02-26,Moderna,3904
Iceland,2021-02-26,Oxford/AstraZeneca,5156
Iceland,2021-02-26,Pfizer/BioNTech,24586
Iceland,2021-02-27,Moderna,3904
Iceland,2021-02-27,Oxford/AstraZeneca,5156
Iceland,2021-02-27,Pfizer/BioNTech,24745
Iceland,2021-02-28,Moderna,3904
Iceland,2021-02-28,Oxford/AstraZeneca,5156
Iceland,2021-02-28,Pfizer/BioNTech,24745
Iceland,2021-03-01,Moderna,3904
Iceland,2021-03-01,Oxford/AstraZeneca,5252
Iceland,2021-03-01,Pfizer/BioNTech,24745
Iceland,2021-03-02,Moderna,3905
Iceland,2021-03-02,Oxford/AstraZeneca,5378
Iceland,2021-03-02,Pfizer/BioNTech,27101
Iceland,2021-03-03,Moderna,3905
Iceland,2021-03-03,Oxford/AstraZeneca,5490
Iceland,2021-03-03,Pfizer/BioNTech,29854
Iceland,2021-03-04,Moderna,3906
Iceland,2021-03-04,Oxford/AstraZeneca,5855
Iceland,2021-03-04,Pfizer/BioNTech,30035
Iceland,2021-03-05,Moderna,3906
Iceland,2021-03-05,Oxford/AstraZeneca,8146
Iceland,2021-03-05,Pfizer/BioNTech,30035
Iceland,2021-03-06,Moderna,3906
Iceland,2021-03-06,Oxford/AstraZeneca,8146
Iceland,2021-03-06,Pfizer/BioNTech,30035
Iceland,2021-03-07,Moderna,3906
Iceland,2021-03-07,Oxford/AstraZeneca,8146
Iceland,2021-03-07,Pfizer/BioNTech,30035
Iceland,2021-03-08,Moderna,3906
Iceland,2021-03-08,Oxford/AstraZeneca,8149
Iceland,2021-03-08,Pfizer/BioNTech,30035
Iceland,2021-03-09,Moderna,3906
Iceland,2021-03-09,Oxford/AstraZeneca,8289
Iceland,2021-03-09,Pfizer/BioNTech,32711
Iceland,2021-03-10,Moderna,3906
Iceland,2021-03-10,Oxford/AstraZeneca,8893
Iceland,2021-03-10,Pfizer/BioNTech,33296
Iceland,2021-03-11,Moderna,3906
Iceland,2021-03-11,Oxford/AstraZeneca,9278
Iceland,2021-03-11,Pfizer/BioNTech,33720
Iceland,2021-03-12,Moderna,3906
Iceland,2021-03-12,Oxford/AstraZeneca,9278
Iceland,2021-03-12,Pfizer/BioNTech,33914
Iceland,2021-03-13,Moderna,3906
Iceland,2021-03-13,Oxford/AstraZeneca,9278
Iceland,2021-03-13,Pfizer/BioNTech,33914
Iceland,2021-03-14,Moderna,3906
Iceland,2021-03-14,Oxford/AstraZeneca,9278
Iceland,2021-03-14,Pfizer/BioNTech,33914
Iceland,2021-03-15,Moderna,3906
Iceland,2021-03-15,Oxford/AstraZeneca,9278
Iceland,2021-03-15,Pfizer/BioNTech,33933
Iceland,2021-03-16,Moderna,3906
Iceland,2021-03-16,Oxford/AstraZeneca,9278
Iceland,2021-03-16,Pfizer/BioNTech,37166
Iceland,2021-03-17,Moderna,4343
Iceland,2021-03-17,Oxford/AstraZeneca,9278
Iceland,2021-03-17,Pfizer/BioNTech,37693
Iceland,2021-03-18,Moderna,4623
Iceland,2021-03-18,Oxford/AstraZeneca,9278
Iceland,2021-03-18,Pfizer/BioNTech,38732
Iceland,2021-03-19,Moderna,4848
Iceland,2021-03-19,Oxford/AstraZeneca,9278
Iceland,2021-03-19,Pfizer/BioNTech,38918
Iceland,2021-03-20,Moderna,4848
Iceland,2021-03-20,Oxford/AstraZeneca,9278
Iceland,2021-03-20,Pfizer/BioNTech,38918
Iceland,2021-03-21,Moderna,4848
Iceland,2021-03-21,Oxford/AstraZeneca,9278
Iceland,2021-03-21,Pfizer/BioNTech,38919
Iceland,2021-03-22,Moderna,5075
Iceland,2021-03-22,Oxford/AstraZeneca,9278
Iceland,2021-03-22,Pfizer/BioNTech,40542
Iceland,2021-03-23,Moderna,5288
Iceland,2021-03-23,Oxford/AstraZeneca,9287
Iceland,2021-03-23,Pfizer/BioNTech,43482
Iceland,2021-03-24,Moderna,6715
Iceland,2021-03-24,Oxford/AstraZeneca,9287
Iceland,2021-03-24,Pfizer/BioNTech,43922
Iceland,2021-03-25,Moderna,6715
Iceland,2021-03-25,Oxford/AstraZeneca,9320
Iceland,2021-03-25,Pfizer/BioNTech,44353
Iceland,2021-03-26,Moderna,6715
Iceland,2021-03-26,Oxford/AstraZeneca,13961
Iceland,2021-03-26,Pfizer/BioNTech,44784
Iceland,2021-03-27,Moderna,6715
Iceland,2021-03-27,Oxford/AstraZeneca,13961
Iceland,2021-03-27,Pfizer/BioNTech,45169
Iceland,2021-03-28,Moderna,6715
Iceland,2021-03-28,Oxford/AstraZeneca,13961
Iceland,2021-03-28,Pfizer/BioNTech,45501
Iceland,2021-03-29,Moderna,6715
Iceland,2021-03-29,Oxford/AstraZeneca,14973
Iceland,2021-03-29,Pfizer/BioNTech,46355
Iceland,2021-03-30,Moderna,6715
Iceland,2021-03-30,Oxford/AstraZeneca,16434
Iceland,2021-03-30,Pfizer/BioNTech,49854
Iceland,2021-03-31,Moderna,6715
Iceland,2021-03-31,Oxford/AstraZeneca,17231
Iceland,2021-03-31,Pfizer/BioNTech,50685
Iceland,2021-04-01,Moderna,6715
Iceland,2021-04-01,Oxford/AstraZeneca,17231
Iceland,2021-04-01,Pfizer/BioNTech,50685
Iceland,2021-04-02,Moderna,6715
Iceland,2021-04-02,Oxford/AstraZeneca,17231
Iceland,2021-04-02,Pfizer/BioNTech,50685
Iceland,2021-04-03,Moderna,6715
Iceland,2021-04-03,Oxford/AstraZeneca,17231
Iceland,2021-04-03,Pfizer/BioNTech,50685
Iceland,2021-04-04,Moderna,6715
Iceland,2021-04-04,Oxford/AstraZeneca,17231
Iceland,2021-04-04,Pfizer/BioNTech,50685
Iceland,2021-04-05,Moderna,6715
Iceland,2021-04-05,Oxford/AstraZeneca,17231
Iceland,2021-04-05,Pfizer/BioNTech,50685
Iceland,2021-04-06,Moderna,6715
Iceland,2021-04-06,Oxford/AstraZeneca,17231
Iceland,2021-04-06,Pfizer/BioNTech,50685
Iceland,2021-04-07,Moderna,6715
Iceland,2021-04-07,Oxford/AstraZeneca,18051
Iceland,2021-04-07,Pfizer/BioNTech,54971
Iceland,2021-04-08,Moderna,6715
Iceland,2021-04-08,Oxford/AstraZeneca,22352
Iceland,2021-04-08,Pfizer/BioNTech,57301
Italy,2020-12-27,Pfizer/BioNTech,7153
Italy,2020-12-28,Pfizer/BioNTech,8574
Italy,2020-12-29,Pfizer/BioNTech,9579
Italy,2020-12-30,Pfizer/BioNTech,14305
Italy,2020-12-31,Pfizer/BioNTech,39778
Italy,2021-01-01,Pfizer/BioNTech,50833
Italy,2021-01-02,Pfizer/BioNTech,89338
Italy,2021-01-03,Pfizer/BioNTech,124495
Italy,2021-01-04,Pfizer/BioNTech,193128
Italy,2021-01-05,Pfizer/BioNTech,272665
Italy,2021-01-06,Pfizer/BioNTech,337839
Italy,2021-01-07,Pfizer/BioNTech,429999
Italy,2021-01-08,Moderna,1
Italy,2021-01-08,Pfizer/BioNTech,525498
Italy,2021-01-09,Pfizer/BioNTech,612366
Italy,2021-01-10,Pfizer/BioNTech,672692
Italy,2021-01-11,Pfizer/BioNTech,753593
Italy,2021-01-12,Pfizer/BioNTech,835421
Italy,2021-01-13,Moderna,2
Italy,2021-01-13,Pfizer/BioNTech,929736
Italy,2021-01-14,Moderna,86
Italy,2021-01-14,Pfizer/BioNTech,1022955
Italy,2021-01-15,Moderna,1180
Italy,2021-01-15,Pfizer/BioNTech,1111023
Italy,2021-01-16,Moderna,2090
Italy,2021-01-16,Pfizer/BioNTech,1174749
Italy,2021-01-17,Moderna,2383
Italy,2021-01-17,Pfizer/BioNTech,1211196
Italy,2021-01-18,Moderna,3601
Italy,2021-01-18,Pfizer/BioNTech,1253315
Italy,2021-01-19,Moderna,5692
Italy,2021-01-19,Pfizer/BioNTech,1283644
Italy,2021-01-20,Moderna,8969
Italy,2021-01-20,Pfizer/BioNTech,1310570
Italy,2021-01-21,Moderna,11760
Italy,2021-01-21,Pfizer/BioNTech,1342933
Italy,2021-01-22,Moderna,13496
Italy,2021-01-22,Oxford/AstraZeneca,3
Italy,2021-01-22,Pfizer/BioNTech,1367306
Italy,2021-01-23,Moderna,14496
Italy,2021-01-23,Pfizer/BioNTech,1404704
Italy,2021-01-24,Moderna,15290
Italy,2021-01-24,Pfizer/BioNTech,1437552
Italy,2021-01-25,Moderna,15888
Italy,2021-01-25,Pfizer/BioNTech,1505617
Italy,2021-01-26,Moderna,16635
Italy,2021-01-26,Pfizer/BioNTech,1584681
Italy,2021-01-27,Moderna,17255
Italy,2021-01-27,Pfizer/BioNTech,1654553
Italy,2021-01-28,Moderna,18029
Italy,2021-01-28,Pfizer/BioNTech,1746953
Italy,2021-01-29,Moderna,18836
Italy,2021-01-29,Pfizer/BioNTech,1843511
Italy,2021-01-30,Moderna,19302
Italy,2021-01-30,Oxford/AstraZeneca,4
Italy,2021-01-30,Pfizer/BioNTech,1932951
Italy,2021-01-31,Moderna,19499
Italy,2021-01-31,Pfizer/BioNTech,1992104
Italy,2021-02-01,Moderna,20050
Italy,2021-02-01,Oxford/AstraZeneca,5
Italy,2021-02-01,Pfizer/BioNTech,2076906
Italy,2021-02-02,Moderna,21141
Italy,2021-02-02,Oxford/AstraZeneca,15
Italy,2021-02-02,Pfizer/BioNTech,2163471
Italy,2021-02-03,Moderna,22531
Italy,2021-02-03,Pfizer/BioNTech,2261307
Italy,2021-02-04,Moderna,24164
Italy,2021-02-04,Pfizer/BioNTech,2366406
Italy,2021-02-05,Moderna,27380
Italy,2021-02-05,Oxford/AstraZeneca,17
Italy,2021-02-05,Pfizer/BioNTech,2469658
Italy,2021-02-06,Moderna,29471
Italy,2021-02-06,Pfizer/BioNTech,2544171
Italy,2021-02-07,Moderna,30063
Italy,2021-02-07,Oxford/AstraZeneca,18
Italy,2021-02-07,Pfizer/BioNTech,2585036
Italy,2021-02-08,Moderna,32655
Italy,2021-02-08,Oxford/AstraZeneca,19
Italy,2021-02-08,Pfizer/BioNTech,2648561
Italy,2021-02-09,Moderna,36000
Italy,2021-02-09,Pfizer/BioNTech,2711409
Italy,2021-02-10,Moderna,38819
Italy,2021-02-10,Oxford/AstraZeneca,20
Italy,2021-02-10,Pfizer/BioNTech,2780726
Italy,2021-02-11,Moderna,41949
Italy,2021-02-11,Oxford/AstraZeneca,2921
Italy,2021-02-11,Pfizer/BioNTech,2848870
Italy,2021-02-12,Moderna,46073
Italy,2021-02-12,Oxford/AstraZeneca,7408
Italy,2021-02-12,Pfizer/BioNTech,2913418
Italy,2021-02-13,Moderna,49941
Italy,2021-02-13,Oxford/AstraZeneca,12660
Italy,2021-02-13,Pfizer/BioNTech,2956577
Italy,2021-02-14,Moderna,51142
Italy,2021-02-14,Oxford/AstraZeneca,19710
Italy,2021-02-14,Pfizer/BioNTech,2977524
Italy,2021-02-15,Moderna,55273
Italy,2021-02-15,Oxford/AstraZeneca,26681
Italy,2021-02-15,Pfizer/BioNTech,3028786
Italy,2021-02-16,Moderna,61939
Italy,2021-02-16,Oxford/AstraZeneca,35936
Italy,2021-02-16,Pfizer/BioNTech,3083547
Italy,2021-02-17,Moderna,69647
Italy,2021-02-17,Oxford/AstraZeneca,48530
Italy,2021-02-17,Pfizer/BioNTech,3142746
Italy,2021-02-18,Moderna,76646
Italy,2021-02-18,Oxford/AstraZeneca,65909
Italy,2021-02-18,Pfizer/BioNTech,3207520
Italy,2021-02-19,Moderna,83564
Italy,2021-02-19,Oxford/AstraZeneca,84978
Italy,2021-02-19,Pfizer/BioNTech,3273447
Italy,2021-02-20,Moderna,89922
Italy,2021-02-20,Oxford/AstraZeneca,103952
Italy,2021-02-20,Pfizer/BioNTech,3325608
Italy,2021-02-21,Moderna,95368
Italy,2021-02-21,Oxford/AstraZeneca,114589
Italy,2021-02-21,Pfizer/BioNTech,3360242
Italy,2021-02-22,Moderna,101250
Italy,2021-02-22,Oxford/AstraZeneca,137888
Italy,2021-02-22,Pfizer/BioNTech,3436221
Italy,2021-02-23,Moderna,106512
Italy,2021-02-23,Oxford/AstraZeneca,162654
Italy,2021-02-23,Pfizer/BioNTech,3512375
Italy,2021-02-24,Moderna,112681
Italy,2021-02-24,Oxford/AstraZeneca,189810
Italy,2021-02-24,Pfizer/BioNTech,3600830
Italy,2021-02-25,Moderna,118820
Italy,2021-02-25,Oxford/AstraZeneca,221316
Italy,2021-02-25,Pfizer/BioNTech,3691173
Italy,2021-02-26,Moderna,124379
Italy,2021-02-26,Oxford/AstraZeneca,261475
Italy,2021-02-26,Pfizer/BioNTech,3781138
Italy,2021-02-27,Moderna,131341
Italy,2021-02-27,Oxford/AstraZeneca,306007
Italy,2021-02-27,Pfizer/BioNTech,3855796
Italy,2021-02-28,Moderna,134035
Italy,2021-02-28,Oxford/AstraZeneca,332395
Italy,2021-02-28,Pfizer/BioNTech,3904652
Italy,2021-03-01,Moderna,141082
Italy,2021-03-01,Oxford/AstraZeneca,372179
Italy,2021-03-01,Pfizer/BioNTech,3992405
Italy,2021-03-02,Moderna,148561
Italy,2021-03-02,Oxford/AstraZeneca,427647
Italy,2021-03-02,Pfizer/BioNTech,4089081
Italy,2021-03-03,Moderna,158523
Italy,2021-03-03,Oxford/AstraZeneca,484414
Italy,2021-03-03,Pfizer/BioNTech,4207364
Italy,2021-03-04,Moderna,169445
Italy,2021-03-04,Oxford/AstraZeneca,543274
Italy,2021-03-04,Pfizer/BioNTech,4332577
Italy,2021-03-05,Moderna,181626
Italy,2021-03-05,Oxford/AstraZeneca,606929
Italy,2021-03-05,Pfizer/BioNTech,4459181
Italy,2021-03-06,Moderna,194751
Italy,2021-03-06,Oxford/AstraZeneca,669437
Italy,2021-03-06,Pfizer/BioNTech,4559299
Italy,2021-03-07,Moderna,202262
Italy,2021-03-07,Oxford/AstraZeneca,705037
Italy,2021-03-07,Pfizer/BioNTech,4616853
Italy,2021-03-08,Moderna,214534
Italy,2021-03-08,Oxford/AstraZeneca,761803
Italy,2021-03-08,Pfizer/BioNTech,4725581
Italy,2021-03-09,Moderna,226826
Italy,2021-03-09,Oxford/AstraZeneca,821047
Italy,2021-03-09,Pfizer/BioNTech,4844530
Italy,2021-03-10,Moderna,237777
Italy,2021-03-10,Oxford/AstraZeneca,883838
Italy,2021-03-10,Pfizer/BioNTech,4981664
Italy,2021-03-11,Moderna,249835
Italy,2021-03-11,Oxford/AstraZeneca,951109
Italy,2021-03-11,Pfizer/BioNTech,5120647
Italy,2021-03-12,Moderna,259528
Italy,2021-03-12,Oxford/AstraZeneca,1020474
Italy,2021-03-12,Pfizer/BioNTech,5249517
Italy,2021-03-13,Moderna,270563
Italy,2021-03-13,Oxford/AstraZeneca,1086516
Italy,2021-03-13,Pfizer/BioNTech,5347635
Italy,2021-03-14,Moderna,277474
Italy,2021-03-14,Oxford/AstraZeneca,1126724
Italy,2021-03-14,Pfizer/BioNTech,5405720
Italy,2021-03-15,Moderna,288303
Italy,2021-03-15,Oxford/AstraZeneca,1173569
Italy,2021-03-15,Pfizer/BioNTech,5518169
Italy,2021-03-16,Moderna,300365
Italy,2021-03-16,Oxford/AstraZeneca,1173982
Italy,2021-03-16,Pfizer/BioNTech,5645243
Italy,2021-03-17,Moderna,311568
Italy,2021-03-17,Oxford/AstraZeneca,1174295
Italy,2021-03-17,Pfizer/BioNTech,5798176
Italy,2021-03-18,Moderna,324318
Italy,2021-03-18,Oxford/AstraZeneca,1174462
Italy,2021-03-18,Pfizer/BioNTech,5947528
Italy,2021-03-19,Moderna,335335
Italy,2021-03-19,Oxford/AstraZeneca,1192281
Italy,2021-03-19,Pfizer/BioNTech,6092483
Italy,2021-03-20,Moderna,347703
Italy,2021-03-20,Oxford/AstraZeneca,1241488
Italy,2021-03-20,Pfizer/BioNTech,6204144
Italy,2021-03-21,Moderna,357126
Italy,2021-03-21,Oxford/AstraZeneca,1285248
Italy,2021-03-21,Pfizer/BioNTech,6279958
Italy,2021-03-22,Moderna,368643
Italy,2021-03-22,Oxford/AstraZeneca,1352432
Italy,2021-03-22,Pfizer/BioNTech,6391549
Italy,2021-03-23,Moderna,381952
Italy,2021-03-23,Oxford/AstraZeneca,1428133
Italy,2021-03-23,Pfizer/BioNTech,6522524
Italy,2021-03-24,Moderna,397271
Italy,2021-03-24,Oxford/AstraZeneca,1501000
Italy,2021-03-24,Pfizer/BioNTech,6684334
Italy,2021-03-25,Moderna,414889
Italy,2021-03-25,Oxford/AstraZeneca,1578236
Italy,2021-03-25,Pfizer/BioNTech,6851051
Italy,2021-03-26,Moderna,433260
Italy,2021-03-26,Oxford/AstraZeneca,1656731
Italy,2021-03-26,Pfizer/BioNTech,7017388
Italy,2021-03-27,Moderna,461526
Italy,2021-03-27,Oxford/AstraZeneca,1723321
Italy,2021-03-27,Pfizer/BioNTech,7159217
Italy,2021-03-28,Moderna,478508
Italy,2021-03-28,Oxford/AstraZeneca,1778211
Italy,2021-03-28,Pfizer/BioNTech,7248309
Italy,2021-03-29,Moderna,502622
Italy,2021-03-29,Oxford/AstraZeneca,1847131
Italy,2021-03-29,Pfizer/BioNTech,7392574
Italy,2021-03-30,Moderna,530711
Italy,2021-03-30,Oxford/AstraZeneca,1917569
Italy,2021-03-30,Pfizer/BioNTech,7555111
Italy,2021-03-31,Moderna,553257
Italy,2021-03-31,Oxford/AstraZeneca,1984913
Italy,2021-03-31,Pfizer/BioNTech,7762541
Italy,2021-04-01,Moderna,577643
Italy,2021-04-01,Oxford/AstraZeneca,2036240
Italy,2021-04-01,Pfizer/BioNTech,7964575
Italy,2021-04-02,Moderna,607264
Italy,2021-04-02,Oxford/AstraZeneca,2100165
Italy,2021-04-02,Pfizer/BioNTech,8145595
Italy,2021-04-03,Moderna,642474
Italy,2021-04-03,Oxford/AstraZeneca,2145283
Italy,2021-04-03,Pfizer/BioNTech,8289031
Italy,2021-04-04,Moderna,654531
Italy,2021-04-04,Oxford/AstraZeneca,2183370
Italy,2021-04-04,Pfizer/BioNTech,8334530
Italy,2021-04-05,Moderna,674390
Italy,2021-04-05,Oxford/AstraZeneca,2241803
Italy,2021-04-05,Pfizer/BioNTech,8425221
Italy,2021-04-06,Moderna,712723
Italy,2021-04-06,Oxford/AstraZeneca,2324229
Italy,2021-04-06,Pfizer/BioNTech,8581373
Italy,2021-04-07,Moderna,740713
Italy,2021-04-07,Oxford/AstraZeneca,2401741
Italy,2021-04-07,Pfizer/BioNTech,8786240
Italy,2021-04-08,Moderna,771509
Italy,2021-04-08,Oxford/AstraZeneca,2454975
Italy,2021-04-08,Pfizer/BioNTech,9017646
Italy,2021-04-09,Moderna,803110
Italy,2021-04-09,Oxford/AstraZeneca,2504899
Italy,2021-04-09,Pfizer/BioNTech,9251353
Italy,2021-04-10,Moderna,837571
Italy,2021-04-10,Oxford/AstraZeneca,2562203
Italy,2021-04-10,Pfizer/BioNTech,9457080
Italy,2021-04-11,Moderna,852100
Italy,2021-04-11,Oxford/AstraZeneca,2595969
Italy,2021-04-11,Pfizer/BioNTech,9584927
Latvia,2020-12-28,Pfizer/BioNTech,596
Latvia,2020-12-29,Pfizer/BioNTech,1469
Latvia,2020-12-30,Pfizer/BioNTech,2260
Latvia,2021-01-04,Pfizer/BioNTech,2959
Latvia,2021-01-05,Pfizer/BioNTech,3848
Latvia,2021-01-06,Pfizer/BioNTech,4624
Latvia,2021-01-07,Pfizer/BioNTech,5433
Latvia,2021-01-08,Pfizer/BioNTech,6339
Latvia,2021-01-09,Pfizer/BioNTech,6644
Latvia,2021-01-10,Pfizer/BioNTech,6980
Latvia,2021-01-11,Pfizer/BioNTech,8347
Latvia,2021-01-12,Pfizer/BioNTech,9974
Latvia,2021-01-13,Moderna,130
Latvia,2021-01-13,Pfizer/BioNTech,11355
Latvia,2021-01-14,Moderna,553
Latvia,2021-01-14,Pfizer/BioNTech,12755
Latvia,2021-01-15,Moderna,913
Latvia,2021-01-15,Pfizer/BioNTech,14268
Latvia,2021-01-16,Moderna,943
Latvia,2021-01-16,Pfizer/BioNTech,14905
Latvia,2021-01-17,Pfizer/BioNTech,15022
Latvia,2021-01-18,Moderna,1087
Latvia,2021-01-18,Pfizer/BioNTech,15723
Latvia,2021-01-19,Moderna,1148
Latvia,2021-01-19,Pfizer/BioNTech,16538
Latvia,2021-01-20,Moderna,1158
Latvia,2021-01-20,Pfizer/BioNTech,17298
Latvia,2021-01-21,Pfizer/BioNTech,17577
Latvia,2021-01-22,Moderna,1178
Latvia,2021-01-22,Pfizer/BioNTech,17772
Latvia,2021-01-23,Pfizer/BioNTech,17898
Latvia,2021-01-25,Pfizer/BioNTech,18565
Latvia,2021-01-26,Moderna,1189
Latvia,2021-01-26,Pfizer/BioNTech,19402
Latvia,2021-01-27,Pfizer/BioNTech,20220
Latvia,2021-01-28,Pfizer/BioNTech,20999
Latvia,2021-01-29,Moderna,1200
Latvia,2021-01-29,Pfizer/BioNTech,21950
Latvia,2021-01-30,Pfizer/BioNTech,22258
Latvia,2021-01-31,Pfizer/BioNTech,22592
Latvia,2021-02-01,Pfizer/BioNTech,23779
Latvia,2021-02-02,Moderna,1320
Latvia,2021-02-02,Pfizer/BioNTech,25468
Latvia,2021-02-03,Moderna,1540
Latvia,2021-02-03,Pfizer/BioNTech,26870
Latvia,2021-02-04,Moderna,1651
Latvia,2021-02-04,Pfizer/BioNTech,28262
Latvia,2021-02-05,Moderna,1741
Latvia,2021-02-05,Pfizer/BioNTech,29839
Latvia,2021-02-06,Pfizer/BioNTech,30405
Latvia,2021-02-07,Pfizer/BioNTech,30530
Latvia,2021-02-08,Moderna,1781
Latvia,2021-02-08,Pfizer/BioNTech,30901
Latvia,2021-02-09,Moderna,1801
Latvia,2021-02-09,Oxford/AstraZeneca,20
Latvia,2021-02-09,Pfizer/BioNTech,31045
Latvia,2021-02-10,Moderna,1928
Latvia,2021-02-10,Oxford/AstraZeneca,433
Latvia,2021-02-10,Pfizer/BioNTech,31131
Latvia,2021-02-11,Moderna,2310
Latvia,2021-02-11,Oxford/AstraZeneca,1526
Latvia,2021-02-11,Pfizer/BioNTech,31439
Latvia,2021-02-12,Moderna,2649
Latvia,2021-02-12,Oxford/AstraZeneca,2690
Latvia,2021-02-12,Pfizer/BioNTech,31665
Latvia,2021-02-13,Moderna,2699
Latvia,2021-02-13,Oxford/AstraZeneca,2912
Latvia,2021-02-13,Pfizer/BioNTech,31794
Latvia,2021-02-14,Moderna,2719
Latvia,2021-02-14,Oxford/AstraZeneca,2913
Latvia,2021-02-15,Moderna,2870
Latvia,2021-02-15,Oxford/AstraZeneca,3609
Latvia,2021-02-15,Pfizer/BioNTech,31821
Latvia,2021-02-16,Moderna,3089
Latvia,2021-02-16,Oxford/AstraZeneca,4753
Latvia,2021-02-16,Pfizer/BioNTech,31839
Latvia,2021-02-17,Moderna,3221
Latvia,2021-02-17,Oxford/AstraZeneca,6460
Latvia,2021-02-17,Pfizer/BioNTech,31993
Latvia,2021-02-18,Moderna,3459
Latvia,2021-02-18,Oxford/AstraZeneca,7711
Latvia,2021-02-18,Pfizer/BioNTech,32052
Latvia,2021-02-19,Moderna,3667
Latvia,2021-02-19,Oxford/AstraZeneca,8798
Latvia,2021-02-19,Pfizer/BioNTech,32108
Latvia,2021-02-20,Moderna,3686
Latvia,2021-02-20,Oxford/AstraZeneca,9550
Latvia,2021-02-21,Oxford/AstraZeneca,10359
Latvia,2021-02-22,Moderna,3930
Latvia,2021-02-22,Oxford/AstraZeneca,11867
Latvia,2021-02-22,Pfizer/BioNTech,32140
Latvia,2021-02-23,Moderna,4151
Latvia,2021-02-23,Oxford/AstraZeneca,13999
Latvia,2021-02-23,Pfizer/BioNTech,32167
Latvia,2021-02-24,Moderna,4302
Latvia,2021-02-24,Oxford/AstraZeneca,18120
Latvia,2021-02-24,Pfizer/BioNTech,32205
Latvia,2021-02-25,Moderna,4562
Latvia,2021-02-25,Oxford/AstraZeneca,21944
Latvia,2021-02-25,Pfizer/BioNTech,32295
Latvia,2021-02-26,Moderna,4776
Latvia,2021-02-26,Oxford/AstraZeneca,24963
Latvia,2021-02-26,Pfizer/BioNTech,32426
Latvia,2021-02-27,Moderna,5096
Latvia,2021-02-27,Oxford/AstraZeneca,25220
Latvia,2021-02-27,Pfizer/BioNTech,32435
Latvia,2021-02-28,Moderna,5097
Latvia,2021-02-28,Oxford/AstraZeneca,25350
Latvia,2021-03-01,Moderna,5475
Latvia,2021-03-01,Oxford/AstraZeneca,26485
Latvia,2021-03-01,Pfizer/BioNTech,32676
Latvia,2021-03-02,Moderna,6197
Latvia,2021-03-02,Oxford/AstraZeneca,27615
Latvia,2021-03-02,Pfizer/BioNTech,33000
Latvia,2021-03-03,Moderna,6945
Latvia,2021-03-03,Oxford/AstraZeneca,30314
Latvia,2021-03-03,Pfizer/BioNTech,33649
Latvia,2021-03-04,Moderna,7471
Latvia,2021-03-04,Oxford/AstraZeneca,35229
Latvia,2021-03-04,Pfizer/BioNTech,34174
Latvia,2021-03-05,Moderna,7947
Latvia,2021-03-05,Oxford/AstraZeneca,39208
Latvia,2021-03-05,Pfizer/BioNTech,34523
Latvia,2021-03-06,Moderna,8031
Latvia,2021-03-06,Oxford/AstraZeneca,39893
Latvia,2021-03-07,Oxford/AstraZeneca,39967
Latvia,2021-03-08,Moderna,8293
Latvia,2021-03-08,Oxford/AstraZeneca,41398
Latvia,2021-03-09,Moderna,8649
Latvia,2021-03-09,Oxford/AstraZeneca,43146
Latvia,2021-03-09,Pfizer/BioNTech,34762
Latvia,2021-03-10,Moderna,8929
Latvia,2021-03-10,Oxford/AstraZeneca,44762
Latvia,2021-03-10,Pfizer/BioNTech,35324
Latvia,2021-03-11,Moderna,9084
Latvia,2021-03-11,Oxford/AstraZeneca,47095
Latvia,2021-03-11,Pfizer/BioNTech,35468
Latvia,2021-03-12,Moderna,9217
Latvia,2021-03-12,Oxford/AstraZeneca,51849
Latvia,2021-03-12,Pfizer/BioNTech,35509
Latvia,2021-03-13,Moderna,9287
Latvia,2021-03-13,Oxford/AstraZeneca,52681
Latvia,2021-03-14,Oxford/AstraZeneca,52753
Latvia,2021-03-15,Moderna,9388
Latvia,2021-03-15,Oxford/AstraZeneca,56372
Latvia,2021-03-16,Moderna,9550
Latvia,2021-03-16,Oxford/AstraZeneca,56377
Latvia,2021-03-16,Pfizer/BioNTech,35519
Latvia,2021-03-17,Moderna,9710
Latvia,2021-03-17,Oxford/AstraZeneca,56378
Latvia,2021-03-17,Pfizer/BioNTech,35525
Latvia,2021-03-18,Moderna,9930
Latvia,2021-03-18,Pfizer/BioNTech,35578
Latvia,2021-03-19,Moderna,10223
Latvia,2021-03-19,Oxford/AstraZeneca,56691
Latvia,2021-03-19,Pfizer/BioNTech,35672
Latvia,2021-03-20,Moderna,10273
Latvia,2021-03-20,Oxford/AstraZeneca,57041
Latvia,2021-03-21,Oxford/AstraZeneca,57065
Latvia,2021-03-22,Moderna,10878
Latvia,2021-03-22,Oxford/AstraZeneca,59065
Latvia,2021-03-23,Moderna,12071
Latvia,2021-03-23,Oxford/AstraZeneca,63107
Latvia,2021-03-23,Pfizer/BioNTech,35865
Latvia,2021-03-24,Moderna,13537
Latvia,2021-03-24,Oxford/AstraZeneca,67176
Latvia,2021-03-24,Pfizer/BioNTech,36405
Latvia,2021-03-25,Moderna,15114
Latvia,2021-03-25,Oxford/AstraZeneca,70444
Latvia,2021-03-25,Pfizer/BioNTech,36885
Latvia,2021-03-26,Moderna,16769
Latvia,2021-03-26,Oxford/AstraZeneca,72295
Latvia,2021-03-26,Pfizer/BioNTech,37332
Latvia,2021-03-27,Moderna,17171
Latvia,2021-03-27,Oxford/AstraZeneca,72456
Latvia,2021-03-28,Oxford/AstraZeneca,72484
Latvia,2021-03-29,Moderna,18161
Latvia,2021-03-29,Oxford/AstraZeneca,73561
Latvia,2021-03-30,Moderna,19447
Latvia,2021-03-30,Oxford/AstraZeneca,76279
Latvia,2021-03-30,Pfizer/BioNTech,38305
Latvia,2021-03-31,Moderna,20770
Latvia,2021-03-31,Oxford/AstraZeneca,78952
Latvia,2021-03-31,Pfizer/BioNTech,39989
Latvia,2021-04-01,Moderna,22246
Latvia,2021-04-01,Oxford/AstraZeneca,80945
Latvia,2021-04-01,Pfizer/BioNTech,40611
Latvia,2021-04-02,Moderna,22488
Latvia,2021-04-02,Oxford/AstraZeneca,81263
Latvia,2021-04-02,Pfizer/BioNTech,40613
Latvia,2021-04-03,Moderna,22639
Latvia,2021-04-03,Oxford/AstraZeneca,84223
Latvia,2021-04-03,Pfizer/BioNTech,40748
Latvia,2021-04-04,Moderna,22647
Latvia,2021-04-04,Oxford/AstraZeneca,85838
Latvia,2021-04-05,Moderna,22775
Latvia,2021-04-05,Oxford/AstraZeneca,87945
Latvia,2021-04-06,Moderna,24346
Latvia,2021-04-06,Oxford/AstraZeneca,91131
Latvia,2021-04-06,Pfizer/BioNTech,40798
Latvia,2021-04-07,Moderna,26510
Latvia,2021-04-07,Oxford/AstraZeneca,97389
Latvia,2021-04-07,Pfizer/BioNTech,40918
Latvia,2021-04-08,Moderna,28406
Latvia,2021-04-08,Oxford/AstraZeneca,101833
Latvia,2021-04-08,Pfizer/BioNTech,41375
Latvia,2021-04-09,Moderna,29718
Latvia,2021-04-09,Oxford/AstraZeneca,104622
Latvia,2021-04-09,Pfizer/BioNTech,41495
Latvia,2021-04-10,Moderna,29796
Latvia,2021-04-10,Oxford/AstraZeneca,105672
Latvia,2021-04-10,Pfizer/BioNTech,41542
Lithuania,2020-12-27,Pfizer/BioNTech,2420
Lithuania,2020-12-28,Pfizer/BioNTech,5207
Lithuania,2020-12-29,Pfizer/BioNTech,8194
Lithuania,2020-12-30,Pfizer/BioNTech,9726
Lithuania,2020-12-31,Pfizer/BioNTech,9751
Lithuania,2021-01-04,Pfizer/BioNTech,9752
Lithuania,2021-01-05,Pfizer/BioNTech,10375
Lithuania,2021-01-06,Pfizer/BioNTech,13875
Lithuania,2021-01-07,Pfizer/BioNTech,18030
Lithuania,2021-01-08,Pfizer/BioNTech,23203
Lithuania,2021-01-09,Pfizer/BioNTech,23507
Lithuania,2021-01-10,Pfizer/BioNTech,23510
Lithuania,2021-01-11,Pfizer/BioNTech,25719
Lithuania,2021-01-12,Pfizer/BioNTech,27806
Lithuania,2021-01-13,Moderna,163
Lithuania,2021-01-13,Pfizer/BioNTech,33877
Lithuania,2021-01-14,Moderna,471
Lithuania,2021-01-14,Pfizer/BioNTech,42197
Lithuania,2021-01-15,Moderna,1041
Lithuania,2021-01-15,Pfizer/BioNTech,48899
Lithuania,2021-01-16,Pfizer/BioNTech,50002
Lithuania,2021-01-17,Moderna,1042
Lithuania,2021-01-17,Pfizer/BioNTech,51132
Lithuania,2021-01-18,Moderna,1578
Lithuania,2021-01-18,Pfizer/BioNTech,55111
Lithuania,2021-01-19,Moderna,2074
Lithuania,2021-01-19,Pfizer/BioNTech,60902
Lithuania,2021-01-20,Moderna,2312
Lithuania,2021-01-20,Pfizer/BioNTech,64133
Lithuania,2021-01-21,Moderna,2372
Lithuania,2021-01-21,Pfizer/BioNTech,65622
Lithuania,2021-01-22,Pfizer/BioNTech,66015
Lithuania,2021-01-23,Pfizer/BioNTech,66023
Lithuania,2021-01-25,Pfizer/BioNTech,66125
Lithuania,2021-01-26,Pfizer/BioNTech,69226
Lithuania,2021-01-27,Pfizer/BioNTech,76112
Lithuania,2021-01-28,Pfizer/BioNTech,83183
Lithuania,2021-01-29,Pfizer/BioNTech,91236
Lithuania,2021-01-30,Pfizer/BioNTech,91865
Lithuania,2021-01-31,Pfizer/BioNTech,91873
Lithuania,2021-02-01,Pfizer/BioNTech,94755
Lithuania,2021-02-02,Moderna,2693
Lithuania,2021-02-02,Pfizer/BioNTech,98297
Lithuania,2021-02-03,Moderna,3320
Lithuania,2021-02-03,Pfizer/BioNTech,104459
Lithuania,2021-02-04,Moderna,3884
Lithuania,2021-02-04,Oxford/AstraZeneca,1
Lithuania,2021-02-04,Pfizer/BioNTech,113729
Lithuania,2021-02-05,Moderna,4029
Lithuania,2021-02-05,Pfizer/BioNTech,120833
Lithuania,2021-02-06,Pfizer/BioNTech,121559
Lithuania,2021-02-07,Pfizer/BioNTech,121656
Lithuania,2021-02-08,Moderna,4117
Lithuania,2021-02-08,Pfizer/BioNTech,124219
Lithuania,2021-02-09,Moderna,4358
Lithuania,2021-02-09,Oxford/AstraZeneca,300
Lithuania,2021-02-09,Pfizer/BioNTech,126526
Lithuania,2021-02-10,Moderna,4668
Lithuania,2021-02-10,Oxford/AstraZeneca,3023
Lithuania,2021-02-10,Pfizer/BioNTech,129642
Lithuania,2021-02-11,Moderna,5100
Lithuania,2021-02-11,Oxford/AstraZeneca,5515
Lithuania,2021-02-11,Pfizer/BioNTech,135761
Lithuania,2021-02-12,Moderna,5716
Lithuania,2021-02-12,Oxford/AstraZeneca,7448
Lithuania,2021-02-12,Pfizer/BioNTech,140490
Lithuania,2021-02-13,Moderna,5721
Lithuania,2021-02-13,Oxford/AstraZeneca,7757
Lithuania,2021-02-13,Pfizer/BioNTech,140622
Lithuania,2021-02-15,Moderna,6970
Lithuania,2021-02-15,Oxford/AstraZeneca,9602
Lithuania,2021-02-15,Pfizer/BioNTech,142170
Lithuania,2021-02-16,Pfizer/BioNTech,142701
Lithuania,2021-02-17,Moderna,8323
Lithuania,2021-02-17,Oxford/AstraZeneca,10574
Lithuania,2021-02-17,Pfizer/BioNTech,148620
Lithuania,2021-02-18,Moderna,8858
Lithuania,2021-02-18,Oxford/AstraZeneca,12048
Lithuania,2021-02-18,Pfizer/BioNTech,157930
Lithuania,2021-02-19,Moderna,9335
Lithuania,2021-02-19,Oxford/AstraZeneca,14804
Lithuania,2021-02-19,Pfizer/BioNTech,165142
Lithuania,2021-02-20,Oxford/AstraZeneca,15109
Lithuania,2021-02-20,Pfizer/BioNTech,165846
Lithuania,2021-02-22,Moderna,9504
Lithuania,2021-02-22,Oxford/AstraZeneca,17177
Lithuania,2021-02-22,Pfizer/BioNTech,169081
Lithuania,2021-02-23,Moderna,9917
Lithuania,2021-02-23,Oxford/AstraZeneca,19173
Lithuania,2021-02-23,Pfizer/BioNTech,175297
Lithuania,2021-02-24,Moderna,10050
Lithuania,2021-02-24,Oxford/AstraZeneca,21877
Lithuania,2021-02-24,Pfizer/BioNTech,184126
Lithuania,2021-02-25,Moderna,10761
Lithuania,2021-02-25,Oxford/AstraZeneca,25948
Lithuania,2021-02-25,Pfizer/BioNTech,191161
Lithuania,2021-02-26,Moderna,12264
Lithuania,2021-02-26,Oxford/AstraZeneca,30206
Lithuania,2021-02-26,Pfizer/BioNTech,195373
Lithuania,2021-02-27,Oxford/AstraZeneca,30763
Lithuania,2021-02-27,Pfizer/BioNTech,195515
Lithuania,2021-02-28,Oxford/AstraZeneca,31122
Lithuania,2021-02-28,Pfizer/BioNTech,195566
Lithuania,2021-03-01,Moderna,15724
Lithuania,2021-03-01,Oxford/AstraZeneca,33919
Lithuania,2021-03-01,Pfizer/BioNTech,196839
Lithuania,2021-03-02,Moderna,17608
Lithuania,2021-03-02,Oxford/AstraZeneca,35587
Lithuania,2021-03-02,Pfizer/BioNTech,202615
Lithuania,2021-03-03,Moderna,19405
Lithuania,2021-03-03,Oxford/AstraZeneca,38715
Lithuania,2021-03-03,Pfizer/BioNTech,209593
Lithuania,2021-03-04,Moderna,20470
Lithuania,2021-03-04,Oxford/AstraZeneca,42167
Lithuania,2021-03-04,Pfizer/BioNTech,220428
Lithuania,2021-03-05,Moderna,21050
Lithuania,2021-03-05,Oxford/AstraZeneca,46431
Lithuania,2021-03-05,Pfizer/BioNTech,229516
Lithuania,2021-03-06,Moderna,21138
Lithuania,2021-03-06,Oxford/AstraZeneca,46694
Lithuania,2021-03-06,Pfizer/BioNTech,229790
Lithuania,2021-03-07,Pfizer/BioNTech,229791
Lithuania,2021-03-08,Moderna,21620
Lithuania,2021-03-08,Oxford/AstraZeneca,53376
Lithuania,2021-03-08,Pfizer/BioNTech,231519
Lithuania,2021-03-09,Moderna,22585
Lithuania,2021-03-09,Oxford/AstraZeneca,56131
Lithuania,2021-03-09,Pfizer/BioNTech,239658
Lithuania,2021-03-10,Moderna,22778
Lithuania,2021-03-10,Oxford/AstraZeneca,62142
Lithuania,2021-03-10,Pfizer/BioNTech,249052
Lithuania,2021-03-11,Oxford/AstraZeneca,62498
Lithuania,2021-03-11,Pfizer/BioNTech,249832
Lithuania,2021-03-12,Moderna,23032
Lithuania,2021-03-12,Oxford/AstraZeneca,68694
Lithuania,2021-03-12,Pfizer/BioNTech,261280
Lithuania,2021-03-13,Oxford/AstraZeneca,68982
Lithuania,2021-03-13,Pfizer/BioNTech,262737
Lithuania,2021-03-14,Oxford/AstraZeneca,68990
Lithuania,2021-03-14,Pfizer/BioNTech,262753
Lithuania,2021-03-15,Moderna,23132
Lithuania,2021-03-15,Oxford/AstraZeneca,74746
Lithuania,2021-03-15,Pfizer/BioNTech,264868
Lithuania,2021-03-16,Moderna,23334
Lithuania,2021-03-16,Oxford/AstraZeneca,78067
Lithuania,2021-03-16,Pfizer/BioNTech,271533
Lithuania,2021-03-17,Moderna,23440
Lithuania,2021-03-17,Oxford/AstraZeneca,78163
Lithuania,2021-03-17,Pfizer/BioNTech,281772
Lithuania,2021-03-18,Moderna,23571
Lithuania,2021-03-18,Oxford/AstraZeneca,78190
Lithuania,2021-03-18,Pfizer/BioNTech,289957
Lithuania,2021-03-19,Moderna,25779
Lithuania,2021-03-19,Oxford/AstraZeneca,78714
Lithuania,2021-03-19,Pfizer/BioNTech,296468
Lithuania,2021-03-20,Moderna,26313
Lithuania,2021-03-20,Pfizer/BioNTech,296668
Lithuania,2021-03-21,Moderna,26315
Lithuania,2021-03-21,Pfizer/BioNTech,296698
Lithuania,2021-03-22,Moderna,31113
Lithuania,2021-03-22,Oxford/AstraZeneca,81002
Lithuania,2021-03-22,Pfizer/BioNTech,297814
Lithuania,2021-03-23,Moderna,32670
Lithuania,2021-03-23,Oxford/AstraZeneca,83750
Lithuania,2021-03-23,Pfizer/BioNTech,306335
Lithuania,2021-03-24,Moderna,33784
Lithuania,2021-03-24,Oxford/AstraZeneca,88337
Lithuania,2021-03-24,Pfizer/BioNTech,318162
Lithuania,2021-03-25,Moderna,34789
Lithuania,2021-03-25,Oxford/AstraZeneca,92775
Lithuania,2021-03-25,Pfizer/BioNTech,329593
Lithuania,2021-03-26,Moderna,36413
Lithuania,2021-03-26,Oxford/AstraZeneca,98313
Lithuania,2021-03-26,Pfizer/BioNTech,338814
Lithuania,2021-03-27,Moderna,36489
Lithuania,2021-03-27,Oxford/AstraZeneca,101132
Lithuania,2021-03-27,Pfizer/BioNTech,339064
Lithuania,2021-03-28,Oxford/AstraZeneca,101232
Lithuania,2021-03-28,Pfizer/BioNTech,339148
Lithuania,2021-03-29,Moderna,37911
Lithuania,2021-03-29,Oxford/AstraZeneca,106684
Lithuania,2021-03-29,Pfizer/BioNTech,340135
Lithuania,2021-03-30,Moderna,38093
Lithuania,2021-03-30,Oxford/AstraZeneca,109163
Lithuania,2021-03-30,Pfizer/BioNTech,350221
Lithuania,2021-03-31,Moderna,39527
Lithuania,2021-03-31,Oxford/AstraZeneca,111215
Lithuania,2021-03-31,Pfizer/BioNTech,367284
Lithuania,2021-04-01,Moderna,46726
Lithuania,2021-04-01,Oxford/AstraZeneca,114019
Lithuania,2021-04-01,Pfizer/BioNTech,375384
Lithuania,2021-04-02,Moderna,53196
Lithuania,2021-04-02,Oxford/AstraZeneca,119614
Lithuania,2021-04-02,Pfizer/BioNTech,382879
Lithuania,2021-04-03,Moderna,53389
Lithuania,2021-04-03,Oxford/AstraZeneca,127316
Lithuania,2021-04-03,Pfizer/BioNTech,383639
Lithuania,2021-04-04,Oxford/AstraZeneca,129719
Lithuania,2021-04-04,Pfizer/BioNTech,383645
Lithuania,2021-04-05,Moderna,53399
Lithuania,2021-04-05,Oxford/AstraZeneca,133230
Lithuania,2021-04-05,Pfizer/BioNTech,383838
Lithuania,2021-04-06,Moderna,56064
Lithuania,2021-04-06,Oxford/AstraZeneca,143781
Lithuania,2021-04-06,Pfizer/BioNTech,385206
Lithuania,2021-04-07,Moderna,57315
Lithuania,2021-04-07,Oxford/AstraZeneca,153631
Lithuania,2021-04-07,Pfizer/BioNTech,386659
Lithuania,2021-04-08,Moderna,58531
Lithuania,2021-04-08,Oxford/AstraZeneca,156310
Lithuania,2021-04-08,Pfizer/BioNTech,408854
Lithuania,2021-04-09,Moderna,58952
Lithuania,2021-04-09,Oxford/AstraZeneca,161038
Lithuania,2021-04-09,Pfizer/BioNTech,434910
Lithuania,2021-04-10,Moderna,58998
Lithuania,2021-04-10,Oxford/AstraZeneca,165009
Lithuania,2021-04-10,Pfizer/BioNTech,443656
Lithuania,2021-04-11,Moderna,59052
Lithuania,2021-04-11,Oxford/AstraZeneca,165298
Lithuania,2021-04-11,Pfizer/BioNTech,444694
Romania,2020-12-27,Moderna,0
Romania,2020-12-27,Oxford/AstraZeneca,0
Romania,2020-12-27,Pfizer/BioNTech,965
Romania,2020-12-28,Moderna,0
Romania,2020-12-28,Oxford/AstraZeneca,0
Romania,2020-12-28,Pfizer/BioNTech,2066
Romania,2020-12-29,Moderna,0
Romania,2020-12-29,Oxford/AstraZeneca,0
Romania,2020-12-29,Pfizer/BioNTech,2778
Romania,2020-12-30,Moderna,0
Romania,2020-12-30,Oxford/AstraZeneca,0
Romania,2020-12-30,Pfizer/BioNTech,5666
Romania,2020-12-31,Moderna,0
Romania,2020-12-31,Oxford/AstraZeneca,0
Romania,2020-12-31,Pfizer/BioNTech,10289
Romania,2021-01-01,Moderna,0
Romania,2021-01-01,Oxford/AstraZeneca,0
Romania,2021-01-01,Pfizer/BioNTech,11656
Romania,2021-01-02,Moderna,0
Romania,2021-01-02,Oxford/AstraZeneca,0
Romania,2021-01-02,Pfizer/BioNTech,13242
Romania,2021-01-03,Moderna,0
Romania,2021-01-03,Oxford/AstraZeneca,0
Romania,2021-01-03,Pfizer/BioNTech,13596
Romania,2021-01-04,Moderna,0
Romania,2021-01-04,Oxford/AstraZeneca,0
Romania,2021-01-04,Pfizer/BioNTech,25508
Romania,2021-01-05,Moderna,0
Romania,2021-01-05,Oxford/AstraZeneca,0
Romania,2021-01-05,Pfizer/BioNTech,41609
Romania,2021-01-06,Moderna,0
Romania,2021-01-06,Oxford/AstraZeneca,0
Romania,2021-01-06,Pfizer/BioNTech,58554
Romania,2021-01-07,Moderna,0
Romania,2021-01-07,Oxford/AstraZeneca,0
Romania,2021-01-07,Pfizer/BioNTech,76400
Romania,2021-01-08,Moderna,0
Romania,2021-01-08,Oxford/AstraZeneca,0
Romania,2021-01-08,Pfizer/BioNTech,92706
Romania,2021-01-09,Moderna,0
Romania,2021-01-09,Oxford/AstraZeneca,0
Romania,2021-01-09,Pfizer/BioNTech,102301
Romania,2021-01-10,Moderna,0
Romania,2021-01-10,Oxford/AstraZeneca,0
Romania,2021-01-10,Pfizer/BioNTech,108294
Romania,2021-01-11,Moderna,0
Romania,2021-01-11,Oxford/AstraZeneca,0
Romania,2021-01-11,Pfizer/BioNTech,125190
Romania,2021-01-12,Moderna,0
Romania,2021-01-12,Oxford/AstraZeneca,0
Romania,2021-01-12,Pfizer/BioNTech,140447
Romania,2021-01-13,Moderna,0
Romania,2021-01-13,Oxford/AstraZeneca,0
Romania,2021-01-13,Pfizer/BioNTech,154268
Romania,2021-01-14,Moderna,0
Romania,2021-01-14,Oxford/AstraZeneca,0
Romania,2021-01-14,Pfizer/BioNTech,168089
Romania,2021-01-15,Moderna,0
Romania,2021-01-15,Oxford/AstraZeneca,0
Romania,2021-01-15,Pfizer/BioNTech,184146
Romania,2021-01-16,Moderna,0
Romania,2021-01-16,Oxford/AstraZeneca,0
Romania,2021-01-16,Pfizer/BioNTech,196567
Romania,2021-01-17,Moderna,0
Romania,2021-01-17,Oxford/AstraZeneca,0
Romania,2021-01-17,Pfizer/BioNTech,204662
Romania,2021-01-18,Moderna,0
Romania,2021-01-18,Oxford/AstraZeneca,0
Romania,2021-01-18,Pfizer/BioNTech,234899
Romania,2021-01-19,Moderna,0
Romania,2021-01-19,Oxford/AstraZeneca,0
Romania,2021-01-19,Pfizer/BioNTech,269706
Romania,2021-01-20,Moderna,0
Romania,2021-01-20,Oxford/AstraZeneca,0
Romania,2021-01-20,Pfizer/BioNTech,308044
Romania,2021-01-21,Moderna,0
Romania,2021-01-21,Oxford/AstraZeneca,0
Romania,2021-01-21,Pfizer/BioNTech,347756
Romania,2021-01-22,Moderna,0
Romania,2021-01-22,Oxford/AstraZeneca,0
Romania,2021-01-22,Pfizer/BioNTech,385596
Romania,2021-01-23,Moderna,0
Romania,2021-01-23,Oxford/AstraZeneca,0
Romania,2021-01-23,Pfizer/BioNTech,418545
Romania,2021-01-24,Moderna,0
Romania,2021-01-24,Oxford/AstraZeneca,0
Romania,2021-01-24,Pfizer/BioNTech,445945
Romania,2021-01-25,Moderna,0
Romania,2021-01-25,Oxford/AstraZeneca,0
Romania,2021-01-25,Pfizer/BioNTech,484291
Romania,2021-01-26,Moderna,0
Romania,2021-01-26,Oxford/AstraZeneca,0
Romania,2021-01-26,Pfizer/BioNTech,528038
Romania,2021-01-27,Moderna,0
Romania,2021-01-27,Oxford/AstraZeneca,0
Romania,2021-01-27,Pfizer/BioNTech,570364
Romania,2021-01-28,Moderna,0
Romania,2021-01-28,Oxford/AstraZeneca,0
Romania,2021-01-28,Pfizer/BioNTech,609056
Romania,2021-01-29,Moderna,0
Romania,2021-01-29,Oxford/AstraZeneca,0
Romania,2021-01-29,Pfizer/BioNTech,646660
Romania,2021-01-30,Moderna,0
Romania,2021-01-30,Oxford/AstraZeneca,0
Romania,2021-01-30,Pfizer/BioNTech,672056
Romania,2021-01-31,Moderna,0
Romania,2021-01-31,Oxford/AstraZeneca,0
Romania,2021-01-31,Pfizer/BioNTech,691075
Romania,2021-02-01,Moderna,0
Romania,2021-02-01,Oxford/AstraZeneca,0
Romania,2021-02-01,Pfizer/BioNTech,720844
Romania,2021-02-02,Moderna,0
Romania,2021-02-02,Oxford/AstraZeneca,0
Romania,2021-02-02,Pfizer/BioNTech,748392
Romania,2021-02-03,Moderna,0
Romania,2021-02-03,Oxford/AstraZeneca,0
Romania,2021-02-03,Pfizer/BioNTech,771862
Romania,2021-02-04,Moderna,6443
Romania,2021-02-04,Oxford/AstraZeneca,0
Romania,2021-02-04,Pfizer/BioNTech,788012
Romania,2021-02-05,Moderna,14944
Romania,2021-02-05,Oxford/AstraZeneca,0
Romania,2021-02-05,Pfizer/BioNTech,806268
Romania,2021-02-06,Moderna,23087
Romania,2021-02-06,Oxford/AstraZeneca,0
Romania,2021-02-06,Pfizer/BioNTech,817385
Romania,2021-02-07,Moderna,31026
Romania,2021-02-07,Oxford/AstraZeneca,0
Romania,2021-02-07,Pfizer/BioNTech,824956
Romania,2021-02-08,Moderna,35454
Romania,2021-02-08,Oxford/AstraZeneca,0
Romania,2021-02-08,Pfizer/BioNTech,855554
Romania,2021-02-09,Moderna,40399
Romania,2021-02-09,Oxford/AstraZeneca,0
Romania,2021-02-09,Pfizer/BioNTech,889416
Romania,2021-02-10,Moderna,44448
Romania,2021-02-10,Oxford/AstraZeneca,0
Romania,2021-02-10,Pfizer/BioNTech,926179
Romania,2021-02-11,Moderna,47769
Romania,2021-02-11,Oxford/AstraZeneca,0
Romania,2021-02-11,Pfizer/BioNTech,961312
Romania,2021-02-12,Moderna,51388
Romania,2021-02-12,Oxford/AstraZeneca,0
Romania,2021-02-12,Pfizer/BioNTech,997068
Romania,2021-02-13,Moderna,54855
Romania,2021-02-13,Oxford/AstraZeneca,0
Romania,2021-02-13,Pfizer/BioNTech,1028900
Romania,2021-02-14,Moderna,57881
Romania,2021-02-14,Oxford/AstraZeneca,0
Romania,2021-02-14,Pfizer/BioNTech,1055753
Romania,2021-02-15,Moderna,60916
Romania,2021-02-15,Oxford/AstraZeneca,6812
Romania,2021-02-15,Pfizer/BioNTech,1083043
Romania,2021-02-16,Moderna,63951
Romania,2021-02-16,Oxford/AstraZeneca,13624
Romania,2021-02-16,Pfizer/BioNTech,1111098
Romania,2021-02-17,Moderna,69323
Romania,2021-02-17,Oxford/AstraZeneca,22956
Romania,2021-02-17,Pfizer/BioNTech,1139713
Romania,2021-02-18,Moderna,71707
Romania,2021-02-18,Oxford/AstraZeneca,31858
Romania,2021-02-18,Pfizer/BioNTech,1168247
Romania,2021-02-19,Moderna,72378
Romania,2021-02-19,Oxford/AstraZeneca,41296
Romania,2021-02-19,Pfizer/BioNTech,1196266
Romania,2021-02-20,Moderna,72676
Romania,2021-02-20,Oxford/AstraZeneca,50440
Romania,2021-02-20,Pfizer/BioNTech,1219748
Romania,2021-02-21,Moderna,72791
Romania,2021-02-21,Oxford/AstraZeneca,58747
Romania,2021-02-21,Pfizer/BioNTech,1239270
Romania,2021-02-22,Moderna,72935
Romania,2021-02-22,Oxford/AstraZeneca,68534
Romania,2021-02-22,Pfizer/BioNTech,1259204
Romania,2021-02-23,Moderna,73010
Romania,2021-02-23,Oxford/AstraZeneca,78141
Romania,2021-02-23,Pfizer/BioNTech,1278866
Romania,2021-02-24,Moderna,73017
Romania,2021-02-24,Oxford/AstraZeneca,87871
Romania,2021-02-24,Pfizer/BioNTech,1297346
Romania,2021-02-25,Moderna,73020
Romania,2021-02-25,Oxford/AstraZeneca,98055
Romania,2021-02-25,Pfizer/BioNTech,1307417
Romania,2021-02-26,Moderna,73020
Romania,2021-02-26,Oxford/AstraZeneca,109339
Romania,2021-02-26,Pfizer/BioNTech,1315258
Romania,2021-02-27,Moderna,73020
Romania,2021-02-27,Oxford/AstraZeneca,119310
Romania,2021-02-27,Pfizer/BioNTech,1320991
Romania,2021-02-28,Moderna,73020
Romania,2021-02-28,Oxford/AstraZeneca,127371
Romania,2021-02-28,Pfizer/BioNTech,1324066
Romania,2021-03-01,Moderna,73020
Romania,2021-03-01,Oxford/AstraZeneca,136586
Romania,2021-03-01,Pfizer/BioNTech,1347000
Romania,2021-03-02,Moderna,73020
Romania,2021-03-02,Oxford/AstraZeneca,146051
Romania,2021-03-02,Pfizer/BioNTech,1375693
Romania,2021-03-03,Moderna,73020
Romania,2021-03-03,Oxford/AstraZeneca,154730
Romania,2021-03-03,Pfizer/BioNTech,1405699
Romania,2021-03-04,Moderna,79862
Romania,2021-03-04,Oxford/AstraZeneca,162337
Romania,2021-03-04,Pfizer/BioNTech,1434988
Romania,2021-03-05,Moderna,88224
Romania,2021-03-05,Oxford/AstraZeneca,170102
Romania,2021-03-05,Pfizer/BioNTech,1466214
Romania,2021-03-06,Moderna,96530
Romania,2021-03-06,Oxford/AstraZeneca,177516
Romania,2021-03-06,Pfizer/BioNTech,1499132
Romania,2021-03-07,Moderna,104227
Romania,2021-03-07,Oxford/AstraZeneca,184012
Romania,2021-03-07,Pfizer/BioNTech,1530123
Romania,2021-03-08,Moderna,108871
Romania,2021-03-08,Oxford/AstraZeneca,190326
Romania,2021-03-08,Pfizer/BioNTech,1562623
Romania,2021-03-09,Moderna,113813
Romania,2021-03-09,Oxford/AstraZeneca,197660
Romania,2021-03-09,Pfizer/BioNTech,1598547
Romania,2021-03-10,Moderna,117819
Romania,2021-03-10,Oxford/AstraZeneca,204910
Romania,2021-03-10,Pfizer/BioNTech,1638693
Romania,2021-03-11,Moderna,121218
Romania,2021-03-11,Oxford/AstraZeneca,211212
Romania,2021-03-11,Pfizer/BioNTech,1678903
Romania,2021-03-12,Moderna,124766
Romania,2021-03-12,Oxford/AstraZeneca,217059
Romania,2021-03-12,Pfizer/BioNTech,1718894
Romania,2021-03-13,Moderna,128144
Romania,2021-03-13,Oxford/AstraZeneca,222922
Romania,2021-03-13,Pfizer/BioNTech,1758375
Romania,2021-03-14,Moderna,131137
Romania,2021-03-14,Oxford/AstraZeneca,228280
Romania,2021-03-14,Pfizer/BioNTech,1792723
Romania,2021-03-15,Moderna,137600
Romania,2021-03-15,Oxford/AstraZeneca,235679
Romania,2021-03-15,Pfizer/BioNTech,1828437
Romania,2021-03-16,Moderna,149732
Romania,2021-03-16,Oxford/AstraZeneca,242742
Romania,2021-03-16,Pfizer/BioNTech,1869226
Romania,2021-03-17,Moderna,158781
Romania,2021-03-17,Oxford/AstraZeneca,249300
Romania,2021-03-17,Pfizer/BioNTech,1907900
Romania,2021-03-18,Moderna,165150
Romania,2021-03-18,Oxford/AstraZeneca,256243
Romania,2021-03-18,Pfizer/BioNTech,1946513
Romania,2021-03-19,Moderna,169966
Romania,2021-03-19,Oxford/AstraZeneca,263394
Romania,2021-03-19,Pfizer/BioNTech,1984407
Romania,2021-03-20,Moderna,174732
Romania,2021-03-20,Oxford/AstraZeneca,271485
Romania,2021-03-20,Pfizer/BioNTech,2022454
Romania,2021-03-21,Moderna,179154
Romania,2021-03-21,Oxford/AstraZeneca,279325
Romania,2021-03-21,Pfizer/BioNTech,2054609
Romania,2021-03-22,Moderna,183177
Romania,2021-03-22,Oxford/AstraZeneca,286648
Romania,2021-03-22,Pfizer/BioNTech,2090459
Romania,2021-03-23,Moderna,187546
Romania,2021-03-23,Oxford/AstraZeneca,294985
Romania,2021-03-23,Pfizer/BioNTech,2135815
Romania,2021-03-24,Moderna,191868
Romania,2021-03-24,Oxford/AstraZeneca,302969
Romania,2021-03-24,Pfizer/BioNTech,2182617
Romania,2021-03-25,Moderna,196122
Romania,2021-03-25,Oxford/AstraZeneca,310485
Romania,2021-03-25,Pfizer/BioNTech,2229733
Romania,2021-03-26,Moderna,200231
Romania,2021-03-26,Oxford/AstraZeneca,318056
Romania,2021-03-26,Pfizer/BioNTech,2273184
Romania,2021-03-27,Moderna,204969
Romania,2021-03-27,Oxford/AstraZeneca,326640
Romania,2021-03-27,Pfizer/BioNTech,2318409
Romania,2021-03-28,Moderna,209212
Romania,2021-03-28,Oxford/AstraZeneca,334912
Romania,2021-03-28,Pfizer/BioNTech,2360607
Romania,2021-03-29,Moderna,213039
Romania,2021-03-29,Oxford/AstraZeneca,342263
Romania,2021-03-29,Pfizer/BioNTech,2401887
Romania,2021-03-30,Moderna,217516
Romania,2021-03-30,Oxford/AstraZeneca,349827
Romania,2021-03-30,Pfizer/BioNTech,2454264
Romania,2021-03-31,Moderna,221682
Romania,2021-03-31,Oxford/AstraZeneca,356402
Romania,2021-03-31,Pfizer/BioNTech,2501784
Romania,2021-04-01,Moderna,226033
Romania,2021-04-01,Oxford/AstraZeneca,362660
Romania,2021-04-01,Pfizer/BioNTech,2548790
Romania,2021-04-02,Moderna,230533
Romania,2021-04-02,Oxford/AstraZeneca,368974
Romania,2021-04-02,Pfizer/BioNTech,2595945
Romania,2021-04-03,Moderna,235329
Romania,2021-04-03,Oxford/AstraZeneca,374819
Romania,2021-04-03,Pfizer/BioNTech,2640729
Romania,2021-04-04,Moderna,239724
Romania,2021-04-04,Oxford/AstraZeneca,379020
Romania,2021-04-04,Pfizer/BioNTech,2680468
Romania,2021-04-05,Moderna,243667
Romania,2021-04-05,Oxford/AstraZeneca,382996
Romania,2021-04-05,Pfizer/BioNTech,2723919
Romania,2021-04-06,Moderna,248385
Romania,2021-04-06,Oxford/AstraZeneca,386430
Romania,2021-04-06,Pfizer/BioNTech,2770716
Romania,2021-04-07,Moderna,253339
Romania,2021-04-07,Oxford/AstraZeneca,389001
Romania,2021-04-07,Pfizer/BioNTech,2818530
Romania,2021-04-08,Moderna,258603
Romania,2021-04-08,Oxford/AstraZeneca,391469
Romania,2021-04-08,Pfizer/BioNTech,2867621
Romania,2021-04-09,Moderna,263626
Romania,2021-04-09,Oxford/AstraZeneca,393982
Romania,2021-04-09,Pfizer/BioNTech,2914374
Romania,2021-04-10,Moderna,271279
Romania,2021-04-10,Oxford/AstraZeneca,397094
Romania,2021-04-10,Pfizer/BioNTech,2965548
United States,2021-01-12,Moderna,3835859
United States,2021-01-12,Pfizer/BioNTech,5488697
United States,2021-01-13,Moderna,4249795
United States,2021-01-13,Pfizer/BioNTech,6025872
United States,2021-01-15,Moderna,5122662
United States,2021-01-15,Pfizer/BioNTech,7153268
United States,2021-01-19,Moderna,6828561
United States,2021-01-19,Pfizer/BioNTech,8874811
United States,2021-01-20,Moderna,7239750
United States,2021-01-20,Pfizer/BioNTech,9281063
United States,2021-01-21,Moderna,7724683
United States,2021-01-21,Pfizer/BioNTech,9817027
United States,2021-01-22,Moderna,8407909
United States,2021-01-22,Pfizer/BioNTech,10695066
United States,2021-01-23,Moderna,9061112
United States,2021-01-23,Pfizer/BioNTech,11471457
United States,2021-01-24,Moderna,9689497
United States,2021-01-24,Pfizer/BioNTech,12153536
United States,2021-01-25,Moderna,10084432
United States,2021-01-25,Pfizer/BioNTech,12551999
United States,2021-01-26,Moderna,10431466
United States,2021-01-26,Pfizer/BioNTech,13009981
United States,2021-01-27,Moderna,11001991
United States,2021-01-27,Pfizer/BioNTech,13550835
United States,2021-01-28,Moderna,11737592
United States,2021-01-28,Pfizer/BioNTech,14355980
United States,2021-01-29,Moderna,12619210
United States,2021-01-29,Pfizer/BioNTech,15164858
United States,2021-01-30,Moderna,13499942
United States,2021-01-30,Pfizer/BioNTech,15977015
United States,2021-01-31,Moderna,14246089
United States,2021-01-31,Pfizer/BioNTech,16775916
United States,2021-02-01,Moderna,14756609
United States,2021-02-01,Pfizer/BioNTech,17364398
United States,2021-02-02,Moderna,15006565
United States,2021-02-02,Pfizer/BioNTech,17672866
United States,2021-02-03,Moderna,15567188
United States,2021-02-03,Pfizer/BioNTech,18209204
United States,2021-02-04,Moderna,16260102
United States,2021-02-04,Pfizer/BioNTech,18841309
United States,2021-02-05,Moderna,17133644
United States,2021-02-05,Pfizer/BioNTech,19582865
United States,2021-02-06,Moderna,18336515
United States,2021-02-06,Pfizer/BioNTech,20598212
United States,2021-02-07,Moderna,19485089
United States,2021-02-07,Pfizer/BioNTech,21622193
United States,2021-02-08,Moderna,20066305
United States,2021-02-08,Pfizer/BioNTech,22247484
United States,2021-02-09,Moderna,20416765
United States,2021-02-09,Pfizer/BioNTech,22685406
United States,2021-02-10,Moderna,21189540
United States,2021-02-10,Pfizer/BioNTech,23475749
United States,2021-02-11,Moderna,22038088
United States,2021-02-11,Pfizer/BioNTech,24246868
United States,2021-02-12,Moderna,23111715
United States,2021-02-12,Pfizer/BioNTech,25192628
United States,2021-02-13,Moderna,24297615
United States,2021-02-13,Pfizer/BioNTech,26237417
United States,2021-02-14,Moderna,25505313
United States,2021-02-14,Pfizer/BioNTech,27271797
United States,2021-02-16,Moderna,26738383
United States,2021-02-16,Pfizer/BioNTech,28374410
United States,2021-02-17,Moderna,27287041
United States,2021-02-17,Pfizer/BioNTech,28886690
United States,2021-02-18,Moderna,28043413
United States,2021-02-18,Pfizer/BioNTech,29585627
United States,2021-02-19,Moderna,29044336
United States,2021-02-19,Pfizer/BioNTech,30431247
United States,2021-02-20,Moderna,29909492
United States,2021-02-20,Pfizer/BioNTech,31270062
United States,2021-02-21,Moderna,30747615
United States,2021-02-21,Pfizer/BioNTech,32232422
United States,2021-02-22,Moderna,31212925
United States,2021-02-22,Pfizer/BioNTech,32853883
United States,2021-02-23,Moderna,31569021
United States,2021-02-23,Pfizer/BioNTech,33352170
United States,2021-02-24,Moderna,32194245
United States,2021-02-24,Pfizer/BioNTech,34159027
United States,2021-02-25,Moderna,33066503
United States,2021-02-25,Pfizer/BioNTech,35095003
United States,2021-02-26,Moderna,34181226
United States,2021-02-26,Pfizer/BioNTech,36159403
United States,2021-02-27,Moderna,35422721
United States,2021-02-27,Pfizer/BioNTech,37269195
United States,2021-02-28,Moderna,36694414
United States,2021-02-28,Pfizer/BioNTech,38426567
United States,2021-03-01,Moderna,37522293
United States,2021-03-01,Pfizer/BioNTech,39262524
United States,2021-03-02,Moderna,38319678
United States,2021-03-02,Pfizer/BioNTech,40196532
United States,2021-03-03,Moderna,39248180
United States,2021-03-03,Pfizer/BioNTech,41175807
United States,2021-03-04,Moderna,40261524
United States,2021-03-04,Pfizer/BioNTech,42193285
United States,2021-03-05,Moderna,41507728
United States,2021-03-05,Pfizer/BioNTech,43373717
United States,2021-03-06,Moderna,42977312
United States,2021-03-06,Pfizer/BioNTech,44774584
United States,2021-03-07,Moderna,44195607
United States,2021-03-07,Pfizer/BioNTech,45932122
United States,2021-03-08,Johnson&Johnson,208590
United States,2021-03-08,Moderna,44936695
United States,2021-03-08,Pfizer/BioNTech,46824290
United States,2021-03-09,Johnson&Johnson,308181
United States,2021-03-09,Moderna,45635740
United States,2021-03-09,Pfizer/BioNTech,47628226
United States,2021-03-10,Johnson&Johnson,458911
United States,2021-03-10,Moderna,46535646
United States,2021-03-10,Pfizer/BioNTech,48605159
United States,2021-03-11,Johnson&Johnson,638469
United States,2021-03-11,Moderna,47733656
United States,2021-03-11,Pfizer/BioNTech,49708920
United States,2021-03-12,Johnson&Johnson,873726
United States,2021-03-12,Moderna,49169578
United States,2021-03-12,Pfizer/BioNTech,50960400
United States,2021-03-13,Johnson&Johnson,1189207
United States,2021-03-13,Moderna,51292130
United States,2021-03-13,Pfizer/BioNTech,53096054
United States,2021-03-14,Johnson&Johnson,1273958
United States,2021-03-14,Moderna,51951820
United States,2021-03-14,Pfizer/BioNTech,53708091
United States,2021-03-15,Johnson&Johnson,1428465
United States,2021-03-15,Moderna,52883263
United States,2021-03-15,Pfizer/BioNTech,54643581
United States,2021-03-16,Johnson&Johnson,1569675
United States,2021-03-16,Moderna,53647312
United States,2021-03-16,Pfizer/BioNTech,55393141
United States,2021-03-17,Johnson&Johnson,1766131
United States,2021-03-17,Moderna,54643195
United States,2021-03-17,Pfizer/BioNTech,56499018
United States,2021-03-18,Johnson&Johnson,1911052
United States,2021-03-18,Moderna,55811286
United States,2021-03-18,Pfizer/BioNTech,57876875
United States,2021-03-19,Johnson&Johnson,2025349
United States,2021-03-19,Moderna,56941640
United States,2021-03-19,Pfizer/BioNTech,59214724
United States,2021-03-20,Johnson&Johnson,2163681
United States,2021-03-20,Moderna,58294583
United States,2021-03-20,Pfizer/BioNTech,60849627
United States,2021-03-21,Johnson&Johnson,2298614
United States,2021-03-21,Moderna,59518840
United States,2021-03-21,Pfizer/BioNTech,62529418
United States,2021-03-22,Johnson&Johnson,2406337
United States,2021-03-22,Moderna,60275003
United States,2021-03-22,Pfizer/BioNTech,63693721
United States,2021-03-23,Johnson&Johnson,2489153
United States,2021-03-23,Moderna,60913292
United States,2021-03-23,Pfizer/BioNTech,64679659
United States,2021-03-24,Johnson&Johnson,2622182
United States,2021-03-24,Moderna,61719260
United States,2021-03-24,Pfizer/BioNTech,65995871
United States,2021-03-25,Johnson&Johnson,2734367
United States,2021-03-25,Moderna,62877755
United States,2021-03-25,Pfizer/BioNTech,67555076
United States,2021-03-26,Johnson&Johnson,2863246
United States,2021-03-26,Moderna,64313721
United States,2021-03-26,Pfizer/BioNTech,69368232
United States,2021-03-27,Johnson&Johnson,2982453
United States,2021-03-27,Moderna,65811340
United States,2021-03-27,Pfizer/BioNTech,71246219
United States,2021-03-28,Johnson&Johnson,3090712
United States,2021-03-28,Moderna,67249447
United States,2021-03-28,Pfizer/BioNTech,72981111
United States,2021-03-29,Johnson&Johnson,3155418
United States,2021-03-29,Moderna,68177850
United States,2021-03-29,Pfizer/BioNTech,74338025
United States,2021-03-30,Johnson&Johnson,3215657
United States,2021-03-30,Moderna,68858013
United States,2021-03-30,Pfizer/BioNTech,75386890
United States,2021-03-31,Johnson&Johnson,3307113
United States,2021-03-31,Moderna,69930956
United States,2021-03-31,Pfizer/BioNTech,76891912
United States,2021-04-01,Johnson&Johnson,3429880
United States,2021-04-01,Moderna,71338865
United States,2021-04-01,Pfizer/BioNTech,78717917
United States,2021-04-02,Johnson&Johnson,3617377
United States,2021-04-02,Moderna,72997571
United States,2021-04-02,Pfizer/BioNTech,80845236
United States,2021-04-03,Johnson&Johnson,3840647
United States,2021-04-03,Moderna,74713387
United States,2021-04-03,Pfizer/BioNTech,82986550
United States,2021-04-04,Johnson&Johnson,4054089
United States,2021-04-04,Moderna,76038933
United States,2021-04-04,Pfizer/BioNTech,84810406
United States,2021-04-05,Johnson&Johnson,4204015
United States,2021-04-05,Moderna,76791212
United States,2021-04-05,Pfizer/BioNTech,86041963
United States,2021-04-06,Johnson&Johnson,4299901
United States,2021-04-06,Moderna,77285350
United States,2021-04-06,Pfizer/BioNTech,86855993
United States,2021-04-07,Johnson&Johnson,4544552
United States,2021-04-07,Moderna,78315776
United States,2021-04-07,Pfizer/BioNTech,88463874
United States,2021-04-08,Johnson&Johnson,4917225
United States,2021-04-08,Moderna,79551820
United States,2021-04-08,Pfizer/BioNTech,90256586
United States,2021-04-09,Johnson&Johnson,5382365
United States,2021-04-09,Moderna,80944104
United States,2021-04-09,Pfizer/BioNTech,92355733
United States,2021-04-10,Johnson&Johnson,5972101
United States,2021-04-10,Moderna,82622178
United States,2021-04-10,Pfizer/BioNTech,94715143
United States,2021-04-11,Johnson&Johnson,6453740
United States,2021-04-11,Moderna,83847244
United States,2021-04-11,Pfizer/BioNTech,96586783
